,improve,makespan1,makespan2,makespan3,number_of_edges,number_of_nodes,priotime,type1,type2,type3,,
0,97.1269097,3384,3384,3384,101,102,0.234039068,0.280467033,0.24733901,0.008058071,TRUE,TRUE
1,96.17051691,2110,2110,2110,124,102,0.290587664,0.248847961,0.310360909,0.009529591,TRUE,TRUE
2,96.06220694,1426,1426,1426,137,102,0.274029255,0.24243927,0.33588624,0.009546757,TRUE,TRUE
3,96.39561528,3384,3384,3384,101,102,0.268731356,0.237857342,0.308276176,0.008573294,TRUE,TRUE
4,96.42200121,2240,2240,2240,127,102,0.26889658,0.241183996,0.331181288,0.00862956,TRUE,TRUE
5,97.5664751,1375,1375,1375,133,102,0.21741581,0.33508563,0.24570775,0.008154392,TRUE,TRUE
6,97.43397593,3494,3494,3494,101,102,0.2313869,0.331831694,0.257240295,0.008514881,TRUE,TRUE
7,96.96789297,2297,2297,2297,123,102,0.22168684,0.331202984,0.252063036,0.010042429,TRUE,TRUE
8,97.46209656,1346,1346,1346,134,102,0.210448027,0.321285486,0.236685038,0.008153915,TRUE,TRUE
9,97.49978773,3305,3305,3305,101,102,0.217045307,0.320111752,0.232738733,0.008003473,TRUE,TRUE
10,97.40351149,2303,2303,2303,127,102,0.210921288,0.331960201,0.240361452,0.008619308,TRUE,TRUE
11,96.69715313,1233,1233,1233,131,102,0.284241438,0.24423337,0.330581427,0.008066654,TRUE,TRUE
12,96.51989508,875,875,875,165,102,0.280346155,0.244864941,0.327344179,0.008521557,TRUE,TRUE
13,97.29136624,853,853,853,161,102,0.279015541,0.243036747,0.344899654,0.006582975,TRUE,TRUE
14,97.98404899,855,855,855,164,102,0.229351521,0.331582546,0.26236248,0.006684542,TRUE,TRUE
15,97.99741724,836,836,836,142,102,0.277544975,0.340629816,0.238868952,0.006821394,TRUE,TRUE
16,97.21387624,860,860,860,149,102,0.280086756,0.235438585,0.360180616,0.00655961,TRUE,TRUE
17,96.86569906,820,820,820,144,102,0.279034376,0.24007678,0.322278976,0.007524729,TRUE,TRUE
18,97.62723509,894,894,894,289,102,0.305295229,0.337305784,0.256392717,0.008003473,TRUE,TRUE
19,97.84839966,843,843,843,288,102,0.233425617,0.348829508,0.325230837,0.007505417,TRUE,TRUE
20,97.71829875,853,853,853,359,102,0.312467337,0.350694656,0.268592834,0.008001804,TRUE,TRUE
21,97.80118978,907,907,907,257,102,0.233299971,0.342304945,0.325111389,0.007526636,TRUE,TRUE
22,96.93311407,847,847,847,292,102,0.304960728,0.261399508,0.349871874,0.008016825,TRUE,TRUE
23,98.16278374,809,809,809,288,102,0.231270552,0.354043007,0.322409391,0.006504536,TRUE,TRUE
24,97.40358335,861,861,861,220,102,0.290421009,0.327552557,0.249117136,0.008504629,TRUE,TRUE
25,97.81242749,836,836,836,380,102,0.249161243,0.365784645,0.333390713,0.008001804,TRUE,TRUE
26,97.17959791,840,840,840,332,102,0.30732131,0.266669512,0.363122702,0.007521152,TRUE,TRUE
27,97.97291794,844,844,844,288,102,0.236499786,0.34538126,0.323852301,0.007001162,TRUE,TRUE
28,97.59194354,829,829,829,340,102,0.308283329,0.348421574,0.262627125,0.008390188,TRUE,TRUE
29,97.93975488,841,841,841,364,102,0.244090796,0.388402462,0.337198257,0.008002043,TRUE,TRUE
30,98.04621176,797,797,797,581,102,0.276091576,0.423647642,0.298344135,0.008277178,TRUE,TRUE
31,97.32172815,830,830,830,741,102,0.39204812,0.336102247,0.448738575,0.009001732,TRUE,TRUE
32,98.04024924,821,821,821,872,102,0.324281216,0.467238188,0.348812819,0.009156704,TRUE,TRUE
33,97.5799913,847,847,847,1009,102,0.423220634,0.371980906,0.48083353,0.00900197,TRUE,TRUE
34,98.20815693,839,839,839,1053,102,0.355880737,0.506204844,0.376395941,0.009070396,TRUE,TRUE
35,97.36528262,818,818,818,999,102,0.420442581,0.37963748,0.504508734,0.010002375,TRUE,TRUE
36,80.00190685,338,338,338,11,12,0.002999544,0.005001307,0.005001068,0.001000166,TRUE,TRUE
37,79.99713972,228,228,228,14,12,0.004505396,0.005001307,0.004000664,0.001000404,TRUE,TRUE
38,79.99904644,142,142,142,14,12,0.004002333,0.005000591,0.005001068,0.001000166,TRUE,TRUE
39,75,389,389,389,11,12,0.004000664,0.004000664,0.005001307,0.001000166,TRUE,TRUE
40,100,215,215,215,14,12,0.003815413,0.005098581,0.005055904,0,TRUE,TRUE
41,80.00286014,212,212,212,13,12,0.004000425,0.005001545,0.004001617,0.001000166,TRUE,TRUE
42,100,316,316,316,11,12,0.004000664,0.005001307,0.005002022,0,TRUE,TRUE
43,100,315,315,315,12,12,0.003504753,0.005001307,0.00500083,0,TRUE,TRUE
44,79.96205834,186,186,186,15,12,0.004000902,0.005027056,0.005045176,0.001007318,TRUE,TRUE
45,88.94062255,376,376,376,11,12,0.00417304,0.009114742,0.005162477,0.001008034,TRUE,TRUE
46,80.4164138,263,263,263,14,12,0.003027201,0.005107164,0.006019592,0.001000166,TRUE,TRUE
47,100,190,190,190,13,12,0.004001617,0.005001783,0.00500083,0,TRUE,TRUE
48,80.04917955,183,183,183,13,12,0.00500083,0.005041838,0.004112959,0.001005888,TRUE,TRUE
49,79.99618612,150,150,150,14,12,0.004001141,0.005001068,0.005001068,0.001000404,TRUE,TRUE
50,79.99427863,116,116,116,15,12,0.004001141,0.005000591,0.004000902,0.001000404,TRUE,TRUE
51,79.99618703,239,239,239,14,12,0.004000902,0.00500226,0.006001472,0.001000643,TRUE,TRUE
52,79.98677436,168,168,168,16,12,0.003000736,0.00504756,0.005146742,0.00101018,TRUE,TRUE
53,80.00572082,119,119,119,15,12,0.005001307,0.005001068,0.004000902,0.000999928,TRUE,TRUE
54,100,207,207,207,16,12,0.004116774,0.004033804,0.005532026,0,TRUE,TRUE
55,80.16360885,157,157,157,21,12,0.004059792,0.005042076,0.00500083,0.001000166,TRUE,TRUE
56,83.39726027,131,131,131,17,12,0.003000021,0.006091595,0.004070759,0.001011372,TRUE,TRUE
57,81.83196189,257,257,257,14,12,0.004000902,0.005505085,0.004002094,0.001000166,TRUE,TRUE
58,80.00095347,188,188,188,15,12,0.004000187,0.005001068,0.006001472,0.001000166,TRUE,TRUE
59,80.00095347,123,123,123,20,12,0.004000664,0.005001068,0.005002022,0.001000166,TRUE,TRUE
60,99.05531179,107,107,107,17,12,0.004577875,0.105847359,0.004000425,0.000999928,TRUE,TRUE
61,75.55894551,93,93,93,17,12,0.004000187,0.005001307,0.005167961,0.001222372,TRUE,TRUE
62,86.08273222,104,104,104,18,12,0.006266117,0.008097887,0.005061626,0.001127005,TRUE,TRUE
63,84.60338196,119,119,119,16,12,0.003010035,0.006570339,0.006148815,0.00101161,TRUE,TRUE
64,83.70168965,84,84,84,16,12,0.004000664,0.006138086,0.005075216,0.001000404,TRUE,TRUE
65,100,93,93,93,16,12,0.003524542,0.006092787,0.005052328,0,TRUE,TRUE
66,100,94,94,94,19,12,0.003016472,0.005045652,0.005157232,0,TRUE,TRUE
67,80.38959219,146,146,146,20,12,0.004044056,0.005103827,0.005008221,0.001000881,TRUE,TRUE
68,83.36962116,93,93,93,19,12,0.004160166,0.006022692,0.004000425,0.001001596,TRUE,TRUE
69,80.00667398,80,80,80,20,12,0.004000664,0.005001307,0.005001307,0.000999928,TRUE,TRUE
70,100,94,94,94,20,12,0.004045248,0.005299568,0.005070448,0,TRUE,TRUE
71,83.90425409,108,108,108,23,12,0.004035234,0.006215334,0.004015684,0.001000404,TRUE,TRUE
72,97.4487359,4925,4925,4925,151,152,0.532460451,0.588022709,0.635432959,0.015002012,TRUE,TRUE
73,97.76178021,2976,2976,2976,191,152,0.474186182,0.678701878,0.602148771,0.01519084,TRUE,TRUE
74,97.77675538,2141,2141,2141,200,152,0.551270008,0.63999176,0.66831255,0.014228582,TRUE,TRUE
75,97.85450725,5027,5027,5027,151,152,0.454425573,0.699389458,0.611322165,0.01500535,TRUE,TRUE
76,97.77828614,3356,3356,3356,192,152,0.470496893,0.675352335,0.634112835,0.015004396,TRUE,TRUE
77,97.52566489,2391,2391,2391,194,152,0.470493555,0.646793842,0.68603754,0.016003847,TRUE,TRUE
78,97.43083865,4935,4935,4935,151,152,0.467911959,0.661869287,0.610507011,0.01700449,TRUE,TRUE
79,97.80150973,3377,3377,3377,188,152,0.566325426,0.648076296,0.685036659,0.014247894,TRUE,TRUE
80,97.36975034,2022,2022,2022,202,152,0.574723959,0.532411575,0.696407795,0.014003754,TRUE,TRUE
81,97.50274288,5150,5150,5150,151,152,0.465694666,0.640837908,0.597414255,0.01600337,TRUE,TRUE
82,97.79760328,3480,3480,3480,192,152,0.470515251,0.682293415,0.601634741,0.015026808,TRUE,TRUE
83,86.61584825,2014,2014,2014,194,152,0.561802626,0.643434286,0.598843575,0.086118221,TRUE,TRUE
84,98.35627595,1283,1283,1283,244,152,0.481875181,0.673311949,0.691170931,0.01106739,TRUE,TRUE
85,98.34405416,1299,1299,1299,248,152,0.479665995,0.673540115,0.706950426,0.01115346,TRUE,TRUE
86,98.22350952,1281,1281,1281,247,152,0.475345135,0.704039812,0.701020956,0.0125072,TRUE,TRUE
87,98.24420542,1233,1233,1233,223,152,0.473954678,0.683564663,0.62798214,0.012001991,TRUE,TRUE
88,98.32235632,1262,1262,1262,224,152,0.576426506,0.73000288,0.610999584,0.012246847,TRUE,TRUE
89,85.52483015,1260,1260,1260,236,152,0.478058577,0.749832869,0.524354458,0.108539581,TRUE,TRUE
90,98.26617031,1442,1442,1442,466,152,0.530708551,0.749964714,0.759896994,0.013003111,TRUE,TRUE
91,98.4834065,1289,1289,1289,426,152,0.533324718,0.838728905,0.671963215,0.012720108,TRUE,TRUE
92,98.40623854,1290,1290,1290,449,152,0.65778327,0.753150463,0.695838928,0.012003422,TRUE,TRUE
93,98.29882829,1269,1269,1269,427,152,0.51353693,0.76434803,0.759351254,0.013002872,TRUE,TRUE
94,98.28733024,1273,1273,1273,443,152,0.523438931,0.759286165,0.736259699,0.013004065,TRUE,TRUE
95,97.57023318,1292,1292,1292,467,152,0.654785872,0.57632184,0.856710672,0.014003277,TRUE,TRUE
96,98.30544171,1285,1285,1285,492,152,0.533661842,0.826395512,0.682374239,0.014003754,TRUE,TRUE
97,98.27415019,1264,1264,1264,499,152,0.665467501,0.753515244,0.678399086,0.013004541,TRUE,TRUE
98,98.52913749,1333,1333,1333,724,152,0.582710981,0.888455629,0.739621878,0.013067961,TRUE,TRUE
99,98.58071043,1270,1270,1270,692,152,0.572556019,0.916237593,0.728575706,0.013004065,TRUE,TRUE
100,97.85477159,1289,1289,1289,594,152,0.668924093,0.608941793,0.869124174,0.013063192,TRUE,TRUE
101,98.56928666,1283,1283,1283,715,152,0.574115276,0.926269293,0.743128777,0.013252258,TRUE,TRUE
102,98.44596356,1258,1258,1258,2321,152,1.113506794,1.190975666,1.128810644,0.018508196,TRUE,TRUE
103,97.81736059,1300,1300,1300,1691,152,0.981039524,0.845307827,1.226563215,0.018450022,TRUE,TRUE
104,97.9160707,1293,1293,1293,1483,152,0.91713953,0.815947771,1.164322853,0.017003775,TRUE,TRUE
105,98.01135627,1296,1296,1296,2146,152,1.06775856,0.955667496,1.279156685,0.019004822,TRUE,TRUE
106,98.13937825,1296,1296,1296,2171,152,1.09741044,0.994706154,1.469344854,0.018507719,TRUE,TRUE
107,98.06020228,1267,1267,1267,1892,152,1.001043797,0.902582169,1.255196571,0.017508268,TRUE,TRUE
108,97.9225916,6606,6606,6606,201,202,1.057664156,1.071387291,1.10398221,0.02225709,TRUE,TRUE
109,98.02199063,4531,4531,4531,253,202,0.960392237,1.188567638,1.12982893,0.023509979,TRUE,TRUE
110,98.10527735,2893,2893,2893,263,202,1.023369789,1.117723942,1.067449093,0.021177769,TRUE,TRUE
111,97.95125078,6707,6707,6707,201,202,0.965876341,1.176109552,1.040844202,0.024095535,TRUE,TRUE
112,97.94065156,4516,4516,4516,247,202,0.978215694,1.117089748,1.039961576,0.02300477,TRUE,TRUE
113,97.47745439,2882,2882,2882,265,202,1.106315613,0.915340662,1.248394966,0.023089886,TRUE,TRUE
114,97.46541425,6764,6764,6764,201,202,1.079007626,0.907690763,1.22671175,0.023006201,TRUE,TRUE
115,90.0816922,4665,4665,4665,254,202,0.970580816,1.17901516,1.050363064,0.116938353,TRUE,TRUE
116,98.0313009,2920,2920,2920,263,202,0.991386414,1.117747307,1.055808306,0.022005081,TRUE,TRUE
117,97.76902133,6496,6496,6496,201,202,0.977442503,1.099578619,1.085386753,0.024531364,TRUE,TRUE
118,97.97897211,4607,4607,4607,248,202,0.964406252,1.206362486,1.048702478,0.024380922,TRUE,TRUE
119,97.84142649,2705,2705,2705,262,202,0.974569082,1.112151384,1.042960644,0.024006605,TRUE,TRUE
120,98.49000869,1640,1640,1640,332,202,1.099442482,1.126100063,1.057235718,0.017004013,TRUE,TRUE
121,98.53939438,1672,1672,1672,332,202,1.002711058,1.23273325,1.160375357,0.018005371,TRUE,TRUE
122,98.50101189,1627,1627,1627,341,202,1.009361029,1.13438201,1.149927378,0.017004251,TRUE,TRUE
123,98.26968912,1685,1685,1685,313,202,0.982001543,1.107951164,1.155429125,0.019171,TRUE,TRUE
124,98.35441629,1712,1712,1712,318,202,0.980087757,1.124733686,1.131045341,0.018508434,TRUE,TRUE
125,98.47365677,1709,1709,1709,324,202,0.985375404,1.179516077,1.058446407,0.018003464,TRUE,TRUE
126,98.4294014,1705,1705,1705,710,202,1.162248373,1.273671865,1.19521594,0.020004272,TRUE,TRUE
127,98.62992779,1706,1706,1706,703,202,1.277481556,1.284869194,1.193772793,0.017603636,TRUE,TRUE
128,98.40430888,1620,1620,1620,776,202,1.334720135,1.316456795,1.246910095,0.021006584,TRUE,TRUE
129,98.54397478,1723,1723,1723,736,202,1.294917822,1.308757782,1.214997292,0.019055843,TRUE,TRUE
130,98.66297014,1722,1722,1722,648,202,1.144080162,1.346633673,1.189562321,0.018004894,TRUE,TRUE
131,98.58972424,1669,1669,1669,754,202,1.197228432,1.347579241,1.226567745,0.019004583,TRUE,TRUE
132,98.66225259,1649,1649,1649,849,202,1.168796062,1.472111702,1.250363111,0.019693136,TRUE,TRUE
133,98.57057151,1726,1726,1726,1294,202,1.353522778,1.484290361,1.374380112,0.021216869,TRUE,TRUE
134,98.50027421,1699,1699,1699,1020,202,1.486308575,1.374639034,1.313737392,0.020615816,TRUE,TRUE
135,98.34285216,1669,1669,1669,1169,202,1.307545424,1.448554993,1.33664465,0.024004698,TRUE,TRUE
136,98.64628128,1721,1721,1721,1021,202,1.221726418,1.483979702,1.449759722,0.020088911,TRUE,TRUE
137,98.62189609,1691,1691,1691,1102,202,1.300291538,1.423967838,1.44482398,0.019623756,TRUE,TRUE
138,98.69411855,1708,1708,1708,3946,202,2.149255276,2.413029671,2.192541838,0.031511307,TRUE,TRUE
139,98.70634026,1676,1676,1676,3980,202,2.252111673,2.474160433,2.47066474,0.032007217,TRUE,TRUE
140,98.84065632,1681,1681,1681,3997,202,2.289906502,2.674576044,2.34962821,0.031007528,TRUE,TRUE
141,98.71833994,1749,1749,1749,3680,202,2.170205355,2.380632639,2.207802534,0.030511618,TRUE,TRUE
142,98.74982289,1674,1674,1674,3776,202,2.377016783,2.412988186,2.242288351,0.030166626,TRUE,TRUE
143,98.69342647,1645,1645,1645,3308,202,2.038528442,2.221264601,2.302791119,0.029022455,TRUE,TRUE
144,92.08878663,673,673,673,21,22,0.011001825,0.012642384,0.016049147,0.001000166,TRUE,TRUE
145,85.71671803,483,483,483,27,22,0.01200366,0.014003038,0.01300478,0.002000093,TRUE,TRUE
146,92.44640605,391,391,391,26,22,0.011033535,0.013234615,0.014003515,0.000999689,TRUE,TRUE
147,92.85714286,679,679,679,21,22,0.011002302,0.014002323,0.013003588,0.001000166,TRUE,TRUE
148,93.17468321,506,506,506,24,22,0.011002302,0.014657259,0.013049603,0.001000404,TRUE,TRUE
149,92.85775092,323,323,323,24,22,0.011002779,0.014003515,0.013003826,0.001000166,TRUE,TRUE
150,86.66772554,659,659,659,21,22,0.011237144,0.015010834,0.012379408,0.002001286,TRUE,TRUE
151,92.31445849,510,510,510,25,22,0.011202574,0.013010502,0.015003681,0.000999928,TRUE,TRUE
152,92.8593319,333,333,333,29,22,0.012020111,0.014003277,0.013507843,0.000999928,TRUE,TRUE
153,94.13625002,709,709,709,21,22,0.011002541,0.017264128,0.014040232,0.001012325,TRUE,TRUE
154,85.71282628,454,454,454,27,22,0.012003183,0.014002562,0.013003349,0.00200057,TRUE,TRUE
155,93.33195608,379,379,379,27,22,0.012507915,0.015002966,0.013003588,0.001000404,TRUE,TRUE
156,85.57345229,262,262,262,31,22,0.011003256,0.0140028,0.013716221,0.002020121,TRUE,TRUE
157,92.77955598,194,194,194,30,22,0.012001514,0.014003754,0.014071465,0.001011133,TRUE,TRUE
158,93.75037245,176,176,176,30,22,0.011002064,0.016003609,0.01400423,0.001000166,TRUE,TRUE
159,84.92265586,292,292,292,29,22,0.01100421,0.013763666,0.013188601,0.002075195,TRUE,TRUE
160,93.81452383,183,183,183,32,22,0.022052288,0.016235113,0.012695313,0.001004219,TRUE,TRUE
161,92.8562916,185,185,185,29,22,0.011014223,0.014003992,0.013002634,0.001000404,TRUE,TRUE
162,87.15099025,250,250,250,39,22,0.011193275,0.015746117,0.017163992,0.00202322,TRUE,TRUE
163,84.87577033,192,192,192,37,22,0.013115644,0.013424635,0.013023615,0.002030373,TRUE,TRUE
164,86.08896211,189,189,189,42,22,0.01303339,0.014472008,0.013395309,0.002013206,TRUE,TRUE
165,94.12714318,310,310,310,41,22,0.013009548,0.017131805,0.014003515,0.001006126,TRUE,TRUE
166,94.21364584,273,273,273,35,22,0.012108803,0.017618656,0.07050705,0.001019478,TRUE,TRUE
167,85.96231315,220,220,220,41,22,0.014003277,0.014322758,0.014610529,0.002010584,TRUE,TRUE
168,93.75204887,172,172,172,36,22,0.012510538,0.016000271,0.013003588,0.000999689,TRUE,TRUE
169,93.79713145,168,168,168,36,22,0.013427496,0.016124249,0.013118267,0.001000166,TRUE,TRUE
170,92.92089147,171,171,171,36,22,0.013051748,0.014131784,0.013003588,0.001000404,TRUE,TRUE
171,92.84341096,162,162,162,36,22,0.012055874,0.014261961,0.015004158,0.00102067,TRUE,TRUE
172,84.40753776,169,169,169,37,22,0.014057636,0.01300621,0.013237,0.002027988,TRUE,TRUE
173,85.05992622,178,178,178,35,22,0.012002945,0.013507128,0.014183283,0.002017975,TRUE,TRUE
174,93.27051421,203,203,203,41,22,0.011002779,0.015004158,0.013204336,0.001009703,TRUE,TRUE
175,93.6107685,185,185,185,54,22,0.012003422,0.015657663,0.014003515,0.001000404,TRUE,TRUE
176,92.95982555,185,185,185,73,22,0.014011383,0.014213324,0.014513016,0.001000643,TRUE,TRUE
177,86.59346596,171,171,171,52,22,0.012001991,0.015004158,0.013180017,0.002011538,TRUE,TRUE
178,92.9489657,185,185,185,57,22,0.012172699,0.014188051,0.015011072,0.001000404,TRUE,TRUE
179,93.33386302,192,192,192,57,22,0.01363945,0.015003681,0.014003277,0.001000166,TRUE,TRUE
180,97.9838207,8774,8774,8774,251,252,1.552414179,1.686744213,1.645555973,0.034007788,TRUE,TRUE
181,98.09455929,5453,5453,5453,314,252,1.663038969,1.732420444,1.641326427,0.033010244,TRUE,TRUE
182,98.19247531,3514,3514,3514,330,252,1.521057367,1.687927723,1.736993313,0.03050971,TRUE,TRUE
183,98.00710085,8598,8598,8598,251,252,1.482027054,1.666514158,1.698010921,0.033211946,TRUE,TRUE
184,98.02561253,5432,5432,5432,318,252,1.610896349,1.722532034,1.721369028,0.034009457,TRUE,TRUE
185,98.05679769,3578,3578,3578,332,252,1.61821866,1.67502594,1.716352701,0.032549143,TRUE,TRUE
186,98.1462242,8362,8362,8362,251,252,1.465396881,1.753720284,1.704152584,0.032510042,TRUE,TRUE
187,98.06148131,5341,5341,5341,319,252,1.493729353,1.677154303,1.691456556,0.03251195,TRUE,TRUE
188,98.08708089,3461,3461,3461,324,252,1.488956451,1.677351236,1.737025976,0.032086372,TRUE,TRUE
189,98.05224049,8260,8260,8260,251,252,1.668183088,1.694608927,1.610115767,0.033006907,TRUE,TRUE
190,97.96698119,5374,5374,5374,314,252,1.500774145,1.6726439,1.753391743,0.034005165,TRUE,TRUE
191,98.2317032,3272,3272,3272,333,252,1.492471933,1.69685626,1.72111845,0.030005455,TRUE,TRUE
192,98.63395357,2083,2083,2083,448,252,1.536527157,1.810662985,1.655840158,0.024734497,TRUE,TRUE
193,98.62785186,2131,2131,2131,427,252,1.535031557,1.859307766,1.647488356,0.025512457,TRUE,TRUE
194,91.12053982,2165,2165,2165,433,252,1.556704283,1.731840372,1.659826756,0.153778076,TRUE,TRUE
195,98.64593728,2081,2081,2081,412,252,1.540396214,1.809995651,1.638581038,0.024508476,TRUE,TRUE
196,98.6243453,2082,2082,2082,402,252,1.532787323,1.74508667,1.7493577,0.024006367,TRUE,TRUE
197,98.50892167,2084,2084,2084,412,252,1.530917883,1.705602646,1.73954916,0.025431871,TRUE,TRUE
198,98.71310386,2084,2084,2084,908,252,1.765429497,1.977385044,1.98794198,0.025446892,TRUE,TRUE
199,98.62989251,2075,2075,2075,813,252,1.641851425,1.935754776,1.936222315,0.026521921,TRUE,TRUE
200,98.73699949,2189,2189,2189,901,252,1.805333853,1.979873896,2.014014482,0.025005817,TRUE,TRUE
201,98.73148941,2044,2044,2044,891,252,1.799753428,1.981799126,1.985840082,0.025139332,TRUE,TRUE
202,90.89631153,2084,2084,2084,912,252,1.82293725,2.014902353,1.938711882,0.183430433,TRUE,TRUE
203,98.74121919,2125,2125,2125,924,252,1.80257988,2.145534754,1.880232096,0.02700758,TRUE,TRUE
204,98.78804257,2093,2093,2093,1413,252,2.00693202,2.354662895,2.297744989,0.028537512,TRUE,TRUE
205,98.812787,2130,2130,2130,1402,252,1.986210585,2.374198914,2.242712021,0.028186798,TRUE,TRUE
206,98.8058932,2038,2038,2038,1342,252,1.936248541,2.345397711,2.177321672,0.028006554,TRUE,TRUE
207,98.6715933,2082,2082,2082,1593,252,2.247997522,2.286448479,2.284561634,0.030373335,TRUE,TRUE
208,98.70572241,2070,2070,2070,1671,252,2.049117327,2.320103645,2.324774504,0.030028582,TRUE,TRUE
209,91.46064201,2087,2087,2087,1483,252,2.011318684,2.386542797,2.103209019,0.203795433,TRUE,TRUE
210,98.81374801,2152,2152,2152,5937,252,3.83945179,4.180000782,4.11523056,0.049585342,TRUE,TRUE
211,98.93595072,2068,2068,2068,6256,252,4.198077679,4.373859644,4.446067333,0.046540022,TRUE,TRUE
212,98.89711161,2114,2114,2114,4866,252,3.518128157,3.764173746,3.736215353,0.041514635,TRUE,TRUE
213,98.90659704,2100,2100,2100,5192,252,3.633090496,3.89881134,3.923161268,0.042629719,TRUE,TRUE
214,98.90401418,2055,2055,2055,5837,252,3.923641443,4.172335625,4.360002756,0.045728207,TRUE,TRUE
215,99.04450301,2112,2112,2112,5577,252,3.729991198,4.554071188,3.874722719,0.043514013,TRUE,TRUE
216,98.3390405,10089,10089,10089,301,302,2.444610834,2.680444241,2.554990768,0.044521093,TRUE,TRUE
217,98.24791833,6806,6806,6806,380,302,2.373578548,2.465421677,2.483500242,0.043196201,TRUE,TRUE
218,98.32305624,4143,4143,4143,393,302,2.181788921,2.574665785,2.332947969,0.043175697,TRUE,TRUE
219,98.26037457,9951,9951,9951,301,302,2.087756395,2.508813143,2.586299419,0.043643951,TRUE,TRUE
220,98.20351984,6719,6719,6719,379,302,2.334150314,2.433581829,2.438560724,0.043718815,TRUE,TRUE
221,98.24168912,4004,4004,4004,396,302,2.321324587,2.401445866,2.468026161,0.042224884,TRUE,TRUE
222,98.10006005,10329,10329,10329,301,302,2.103031635,2.355624914,2.454862595,0.044755459,TRUE,TRUE
223,98.17912652,6902,6902,6902,377,302,2.112263918,2.526849508,2.434565067,0.046010733,TRUE,TRUE
224,98.34727152,3961,3961,3961,397,302,2.125420809,2.54585743,2.461368322,0.042076111,TRUE,TRUE
225,98.10929363,10187,10187,10187,301,302,2.295460463,2.412260294,2.442051411,0.045608759,TRUE,TRUE
226,98.30747128,6917,6917,6917,374,302,2.10037303,2.647732496,2.488037348,0.044813633,TRUE,TRUE
227,98.43714724,4284,4284,4284,396,302,2.144915342,2.720333099,2.314002991,0.042514801,TRUE,TRUE
228,98.7228095,2566,2566,2566,534,302,2.212553263,2.597105503,2.496595144,0.033169985,TRUE,TRUE
229,98.60700915,2489,2489,2489,523,302,2.224113464,2.477738142,2.46877265,0.034514666,TRUE,TRUE
230,98.74262467,2470,2470,2470,543,302,2.204277992,2.625234604,2.532978535,0.033009052,TRUE,TRUE
231,98.72650244,2535,2535,2535,496,302,2.405168295,2.478809118,2.520660162,0.031567574,TRUE,TRUE
232,98.61415737,2520,2520,2520,498,302,2.389777899,2.453856945,2.485391378,0.034006596,TRUE,TRUE
233,98.64409439,2611,2611,2611,497,302,2.371112823,2.434377432,2.502664328,0.03300786,TRUE,TRUE
234,98.87107098,2496,2496,2496,1234,302,2.615315676,3.023861408,2.696352005,0.034137249,TRUE,TRUE
235,98.93904547,2524,2524,2524,1165,302,2.611297846,3.225350618,2.73757267,0.034219503,TRUE,TRUE
236,98.81418788,2496,2496,2496,1099,302,2.611088276,3.036659241,2.850792885,0.036009073,TRUE,TRUE
237,98.77639198,2636,2636,2636,1179,302,2.851490498,2.880411148,2.889425755,0.035244942,TRUE,TRUE
238,98.76739552,2578,2578,2578,1099,302,2.586830139,2.840122461,2.823717833,0.035007477,TRUE,TRUE
239,98.8693783,2508,2508,2508,1203,302,2.651005268,3.107521772,3.185633659,0.035134315,TRUE,TRUE
240,98.84827103,2493,2493,2493,2227,302,3.394700289,3.560683727,3.42710638,0.041009426,TRUE,TRUE
241,98.83429738,2510,2510,2510,1324,302,2.902918577,3.174721241,3.055047035,0.037007809,TRUE,TRUE
242,98.86857166,2455,2455,2455,1163,302,2.581707954,3.240590811,2.940536976,0.036664963,TRUE,TRUE
243,98.93286911,2539,2539,2539,2014,302,3.040782213,3.655534029,3.35670805,0.039009333,TRUE,TRUE
244,98.87098563,2479,2479,2479,2271,302,3.506406784,3.608669519,3.514978647,0.040742397,TRUE,TRUE
245,98.88535282,2492,2492,2492,2108,302,3.315629959,3.46008873,3.644453526,0.038567781,TRUE,TRUE
246,98.98860741,2546,2546,2546,8669,302,6.582900524,6.683430433,6.933165073,0.06759572,TRUE,TRUE
247,99.11439302,2523,2523,2523,5685,302,5.312036753,5.8729496,5.50480485,0.052011251,TRUE,TRUE
248,99.05938197,2520,2520,2520,8278,302,6.525505543,6.626343012,6.825399637,0.062328577,TRUE,TRUE
249,99.07273654,2523,2523,2523,7646,302,6.234889746,6.634458303,6.27481699,0.061518908,TRUE,TRUE
250,99.12003318,2538,2538,2538,8526,302,6.801302195,7.060029984,6.982061148,0.062125921,TRUE,TRUE
251,99.05811891,2502,2502,2502,7195,302,5.823904514,6.318965912,6.51551795,0.059517145,TRUE,TRUE
252,92.40744595,1016,1016,1016,31,32,0.022509336,0.026345968,0.026218414,0.002000332,TRUE,TRUE
253,89.33596496,747,747,747,39,32,0.024003983,0.028145552,0.026376009,0.003001451,TRUE,TRUE
254,92.59040134,414,414,414,41,32,0.022010565,0.026999712,0.026511669,0.00200057,TRUE,TRUE
255,92.42764683,1033,1033,1033,31,32,0.024006128,0.026633501,0.025217533,0.002016783,TRUE,TRUE
256,89.28577509,705,705,705,37,32,0.024677992,0.02800703,0.02718997,0.003000736,TRUE,TRUE
257,92.51088098,394,394,394,41,32,0.022022486,0.027005911,0.026507616,0.002022505,TRUE,TRUE
258,92.31839739,966,966,966,31,32,0.023004293,0.026040554,0.027529716,0.002000332,TRUE,TRUE
259,92.17293071,758,758,758,38,32,0.023162603,0.026592255,0.027006149,0.002081394,TRUE,TRUE
260,88.40547723,500,500,500,40,32,0.814320564,0.027005434,0.04702425,0.003131151,TRUE,TRUE
261,92.49720545,958,958,958,31,32,0.030091286,0.026661158,0.027184486,0.002000332,TRUE,TRUE
262,92.87678208,680,680,680,37,32,0.023826838,0.028095245,0.027006149,0.002001286,TRUE,TRUE
263,92.6639441,425,425,425,41,32,0.022004604,0.02726388,0.027007103,0.002000093,TRUE,TRUE
264,93.33365116,437,437,437,42,32,0.021565914,0.030006409,0.028112888,0.002000332,TRUE,TRUE
265,91.36438734,280,280,280,43,32,0.022362232,0.029005766,0.026006937,0.002504826,TRUE,TRUE
266,92.37591553,295,295,295,46,32,0.024006367,0.026237011,0.028510332,0.002000332,TRUE,TRUE
267,92.72900598,392,392,392,41,32,0.023023129,0.02751112,0.027006626,0.002000332,TRUE,TRUE
268,92.70209645,355,355,355,41,32,0.021454334,0.027635098,0.025060415,0.002016783,TRUE,TRUE
269,92.73080223,273,273,273,43,32,0.024006844,0.027511358,0.027223587,0.001999855,TRUE,TRUE
270,93.10296644,452,452,452,53,32,0.023072958,0.029006243,0.030079603,0.00200057,TRUE,TRUE
271,97.57582236,311,311,311,56,32,0.02400589,0.08252573,0.029006243,0.00200057,TRUE,TRUE
272,92.85531871,318,318,318,52,32,0.022628546,0.028007507,0.027513266,0.002001047,TRUE,TRUE
273,92.77931735,416,416,416,57,32,0.024005413,0.027702808,0.028006315,0.002000332,TRUE,TRUE
274,92.88620988,405,405,405,59,32,0.02251029,0.028122425,0.07630825,0.00200057,TRUE,TRUE
275,94.02509263,273,273,273,54,32,0.024485826,0.033654451,0.026283503,0.002010822,TRUE,TRUE
276,93.10390176,269,269,269,56,32,0.02461648,0.02900672,0.027006388,0.002000332,TRUE,TRUE
277,92.79491057,276,276,276,61,32,0.024127007,0.029006958,0.028512001,0.002089977,TRUE,TRUE
278,93.02547315,262,262,262,67,32,0.023005486,0.030006886,0.027043343,0.002092838,TRUE,TRUE
279,92.8934311,254,254,254,63,32,0.023117065,0.028157711,0.025509596,0.002001047,TRUE,TRUE
280,92.94305269,249,249,249,61,32,0.02304244,0.02870369,0.026524067,0.002025604,TRUE,TRUE
281,92.62417582,265,265,265,60,32,0.075520754,0.027120113,0.026510477,0.002000332,TRUE,TRUE
282,92.98047483,267,267,267,99,32,0.025006533,0.02850008,0.029365778,0.00200057,TRUE,TRUE
283,93.33370412,265,265,265,97,32,0.026006222,0.030006647,0.030009031,0.002000332,TRUE,TRUE
284,93.33301552,283,283,283,111,32,0.026005745,0.030007124,0.031007528,0.00200057,TRUE,TRUE
285,93.89986767,253,253,253,139,32,0.028243303,0.032791615,0.031104088,0.002000332,TRUE,TRUE
286,93.14925337,263,263,263,115,32,0.029510975,0.029202223,0.031007528,0.00200057,TRUE,TRUE
287,90.0686553,265,265,265,130,32,0.027006626,0.030212402,0.093526363,0.003000498,TRUE,TRUE
288,98.25339235,11879,11879,11879,351,352,3.08641386,3.245637178,3.232897282,0.056688547,TRUE,TRUE
289,98.1675489,8057,8057,8057,443,352,3.128541708,3.356984138,3.408206463,0.061515093,TRUE,TRUE
290,98.43770188,4584,4584,4584,463,352,3.121028423,3.297529936,3.263437986,0.051517248,TRUE,TRUE
291,98.31775088,11576,11576,11576,351,352,2.835435629,3.402233839,3.127883911,0.057234049,TRUE,TRUE
292,98.3452608,7614,7614,7614,435,352,2.879640102,3.596826553,3.30958271,0.059518099,TRUE,TRUE
293,98.31589312,4679,4679,4679,469,352,3.153846264,3.26659441,3.251173735,0.055012941,TRUE,TRUE
294,98.43692696,11632,11632,11632,351,352,2.843118906,3.615846157,3.29390049,0.056518316,TRUE,TRUE
295,98.22046973,8048,8048,8048,442,352,3.198750496,3.260015488,3.50450635,0.058012962,TRUE,TRUE
296,98.22988088,4952,4952,4952,456,352,3.126444578,3.268296719,3.471531153,0.057852745,TRUE,TRUE
297,98.26606434,11918,11918,11918,351,352,2.875489473,3.230430365,3.43992424,0.056013584,TRUE,TRUE
298,98.17408894,7848,7848,7848,438,352,3.147895813,3.331794262,3.296281815,0.0608356,TRUE,TRUE
299,98.47991894,4684,4684,4684,456,352,2.946397305,3.454814672,3.118910789,0.052515984,TRUE,TRUE
300,98.90529791,3006,3006,3006,618,352,2.990384817,3.712523222,3.367419243,0.040641069,TRUE,TRUE
301,98.71723181,2920,2920,2920,629,352,3.244530916,3.352923393,3.388098717,0.043010235,TRUE,TRUE
302,98.83022232,2868,2868,2868,650,352,3.004238844,3.748876572,3.224218369,0.043853521,TRUE,TRUE
303,98.88626031,2940,2940,2940,596,352,2.974370241,3.719706774,3.383319855,0.041427851,TRUE,TRUE
304,98.705093,3020,3020,3020,624,352,3.308365345,3.367761612,3.335963488,0.043609381,TRUE,TRUE
305,98.77257281,2958,2958,2958,606,352,2.972439528,3.515906572,3.54184556,0.043155193,TRUE,TRUE
306,98.85557699,3017,3017,3017,1518,352,3.886035442,3.982847691,3.855154753,0.045580626,TRUE,TRUE
307,98.95437793,2963,2963,2963,1442,352,3.58481288,4.209449291,3.928510904,0.044014931,TRUE,TRUE
308,98.98644538,2902,2902,2902,1738,352,3.800908804,4.460198402,4.156616688,0.045206547,TRUE,TRUE
309,98.95472041,2911,2911,2911,1439,352,3.591976404,4.444051266,3.936341524,0.046452761,TRUE,TRUE
310,92.64639878,2917,2917,2917,1460,352,3.680274248,4.199169874,3.72755146,0.308790207,TRUE,TRUE
311,98.92211959,2957,2957,2957,1563,352,4.002002239,4.087739706,4.137548923,0.044060946,TRUE,TRUE
312,98.86947472,2988,2988,2988,1888,352,3.927983284,4.291649342,4.495532513,0.048518181,TRUE,TRUE
313,98.9700542,2940,2940,2940,2724,352,4.595975399,4.952978373,4.693444014,0.051012993,TRUE,TRUE
314,98.87849532,2936,2936,2936,2657,352,4.249530077,4.61966753,4.899945021,0.051809788,TRUE,TRUE
315,98.94742687,2929,2929,2929,2732,352,4.567312479,5.010813951,4.767295599,0.052742481,TRUE,TRUE
316,99.01285377,2933,2933,2933,3165,352,4.650281429,5.440693378,5.07927537,0.0537076,TRUE,TRUE
317,99.0221446,2959,2959,2959,2858,352,4.52640605,5.216848135,4.897724628,0.051013231,TRUE,TRUE
318,99.11652004,2936,2936,2936,10951,352,9.03417182,10.03469491,10.18775201,0.088654518,TRUE,TRUE
319,99.06589315,2905,2905,2905,7059,352,7.543118715,7.612263203,7.879336596,0.071106672,TRUE,TRUE
320,99.19956436,2892,2892,2892,12307,352,10.44536829,11.34633064,10.77177715,0.090820074,TRUE,TRUE
321,99.16104066,2925,2925,2925,11112,352,9.908877611,10.11264896,10.22276306,0.084841013,TRUE,TRUE
322,99.20115764,2932,2932,2932,10130,352,8.778133869,9.954761028,9.479326725,0.079522848,TRUE,TRUE
323,99.16947136,2994,2994,2994,11780,352,9.783586025,10.53868508,10.8367219,0.087526798,TRUE,TRUE
324,98.37793289,13313,13313,13313,401,402,4.49102664,4.916452169,4.680686712,0.079748154,TRUE,TRUE
325,98.40962272,8807,8807,8807,505,402,3.902132034,4.636381149,4.457041979,0.073735952,TRUE,TRUE
326,98.46874196,5690,5690,5690,523,402,3.799127817,4.623684645,4.39183712,0.070800543,TRUE,TRUE
327,98.35523969,13442,13442,13442,401,402,4.100043535,4.32767415,4.303399801,0.071179867,TRUE,TRUE
328,98.42691348,8769,8769,8769,502,402,3.738637209,4.677566767,4.240222692,0.073582172,TRUE,TRUE
329,98.50655591,5277,5277,5277,519,402,3.737216949,4.431351185,4.426053762,0.066179752,TRUE,TRUE
330,98.37883319,13686,13686,13686,401,402,3.696092129,4.473410606,4.252937555,0.072521448,TRUE,TRUE
331,98.27191525,9178,9178,9178,506,402,4.016996861,4.235102415,4.567647219,0.073186159,TRUE,TRUE
332,98.53021021,5382,5382,5382,535,402,3.831299782,4.502748966,4.306216717,0.066180944,TRUE,TRUE
333,98.41068284,13691,13691,13691,401,402,4.019689322,4.449707031,4.28861475,0.070719957,TRUE,TRUE
334,98.27271459,8994,8994,8994,504,402,3.792888165,4.43040204,4.272015333,0.076525688,TRUE,TRUE
335,98.4896605,5564,5564,5564,525,402,4.035685778,4.452957869,4.263454676,0.067254782,TRUE,TRUE
336,98.76002706,3318,3318,3318,742,402,3.940940619,4.372211456,4.674895287,0.054214239,TRUE,TRUE
337,98.84606558,3324,3324,3324,709,402,3.910062313,4.598083019,4.380556583,0.053058863,TRUE,TRUE
338,98.80447939,3382,3382,3382,761,402,4.231068134,4.644006729,4.495125771,0.055520058,TRUE,TRUE
339,98.81647942,3301,3301,3301,702,402,4.238564491,4.350141764,4.716821671,0.051484823,TRUE,TRUE
340,98.87942008,3321,3321,3321,683,402,4.16759634,4.646458387,4.412354231,0.05206728,TRUE,TRUE
341,98.85305109,3345,3345,3345,717,402,4.195431471,4.666123867,4.37546277,0.053518057,TRUE,TRUE
342,99.04978568,3399,3399,3399,1702,402,4.649700642,5.737541199,5.197902441,0.054518938,TRUE,TRUE
343,98.94153639,3369,3369,3369,1725,402,5.199663401,5.212615252,5.487210274,0.055173635,TRUE,TRUE
344,98.97519037,3346,3346,3346,1742,402,4.804582834,5.478155136,5.17086935,0.056140661,TRUE,TRUE
345,98.97795041,3438,3438,3438,1641,402,5.122843266,5.298700809,5.116868734,0.05415535,TRUE,TRUE
346,98.96032103,3352,3352,3352,1722,402,5.16415143,5.215090513,5.241602421,0.0542202,TRUE,TRUE
347,98.95979626,3399,3399,3399,1754,402,5.258620739,5.267285109,5.658035278,0.054790497,TRUE,TRUE
348,98.66126879,3345,3345,3345,3734,402,6.419403791,6.540249586,6.730231047,0.087556362,TRUE,TRUE
349,98.94856982,3503,3503,3503,2219,402,5.009712696,5.932198286,5.923469543,0.062372923,TRUE,TRUE
350,99.05837733,3352,3352,3352,4413,402,6.470184565,7.383100748,7.076164961,0.06952095,TRUE,TRUE
351,99.06268628,3284,3284,3284,3951,402,6.123039961,7.156929493,6.734862089,0.067082882,TRUE,TRUE
352,99.06561494,3402,3402,3402,4042,402,6.772536278,7.012052536,7.229857445,0.065519571,TRUE,TRUE
353,99.0453165,3364,3364,3364,3780,402,6.561867476,6.772358418,7.050510168,0.064654589,TRUE,TRUE
354,99.17988122,3325,3325,3325,11702,402,11.30843425,12.29922152,12.43390012,0.100868225,TRUE,TRUE
355,99.29630272,3383,3383,3383,15418,402,14.1785481,15.78054523,15.40918446,0.111047268,TRUE,TRUE
356,99.34330693,3382,3382,3382,16411,402,14.93588328,17.62032461,15.85350537,0.115711451,TRUE,TRUE
357,99.20896211,3350,3350,3350,13432,402,13.86254144,14.01840115,13.86232471,0.110890865,TRUE,TRUE
358,99.27094458,3426,3426,3426,14360,402,14.28289628,14.90058446,15.08292556,0.108633518,TRUE,TRUE
359,99.29145468,3336,3336,3336,14216,402,13.5991025,15.31767464,14.55506587,0.108532667,TRUE,TRUE
360,93.22392489,1299,1299,1299,41,42,0.039011002,0.044512987,0.043135881,0.003016233,TRUE,TRUE
361,92.94153932,811,811,811,49,42,0.04000926,0.042515993,0.043009043,0.003000975,TRUE,TRUE
362,93.3735634,493,493,493,53,42,0.039008617,0.045514584,0.048189878,0.003015995,TRUE,TRUE
363,93.29743721,1189,1189,1189,41,42,0.039010048,0.044766426,0.04501009,0.003000498,TRUE,TRUE
364,89.01273885,870,870,870,50,42,0.038007259,0.045516968,0.044010162,0.005001068,TRUE,TRUE
365,93.41537302,664,664,664,54,42,0.038174868,0.045568228,0.043044806,0.003000498,TRUE,TRUE
366,94.07607674,1300,1300,1300,41,42,0.070015907,0.050706863,0.043010712,0.003003836,TRUE,TRUE
367,95.48315221,899,899,899,51,42,0.038010836,0.044512987,0.04604578,0.002010584,TRUE,TRUE
368,95.45442234,531,531,531,54,42,0.093700886,0.044011354,0.044513702,0.00200057,TRUE,TRUE
369,93.0231269,1378,1378,1378,41,42,0.037009478,0.043009758,0.044515133,0.003000736,TRUE,TRUE
370,97.07991114,923,923,923,51,42,0.038513184,0.102818966,0.045189142,0.003002405,TRUE,TRUE
371,93.25991944,541,541,541,55,42,0.038010597,0.044513702,0.043586969,0.003000259,TRUE,TRUE
372,93.71193613,422,422,422,60,42,0.040009975,0.047721148,0.095802784,0.003000736,TRUE,TRUE
373,93.47659367,439,439,439,56,42,0.03712225,0.046010494,0.044515133,0.003001451,TRUE,TRUE
374,95.74458374,370,370,370,59,42,0.038009882,0.047012329,0.100753069,0.00200057,TRUE,TRUE
375,95.60509788,414,414,414,55,42,0.038008213,0.045514822,0.043009281,0.002000332,TRUE,TRUE
376,95.71036394,340,340,340,55,42,0.038820505,0.046637297,0.043009996,0.00200057,TRUE,TRUE
377,95.58555809,349,349,349,56,42,0.03953886,0.045313358,0.044515133,0.002000332,TRUE,TRUE
378,93.61702128,432,432,432,90,42,0.041513205,0.04726553,0.046563148,0.003016949,TRUE,TRUE
379,95.61995418,357,357,357,85,42,0.039170504,0.04568553,0.046043873,0.002001047,TRUE,TRUE
380,95.74489667,406,406,406,79,42,0.041514397,0.047010183,0.105072975,0.002000332,TRUE,TRUE
381,91.14587963,494,494,494,79,42,0.038133383,0.0455935,0.046068668,0.004036903,TRUE,TRUE
382,93.54891619,378,378,378,85,42,0.040008545,0.046515226,0.102561951,0.003000736,TRUE,TRUE
383,91.49435542,346,346,346,91,42,0.039514303,0.047032595,0.050351381,0.004000425,TRUE,TRUE
384,98.05487705,360,360,360,84,42,0.03907752,0.10375762,0.046629429,0.002018213,TRUE,TRUE
385,93.21555075,337,337,337,92,42,0.039723158,0.044222593,0.046024561,0.003000259,TRUE,TRUE
386,96.80824627,351,351,351,82,42,0.040741444,0.094022751,0.046514273,0.003000975,TRUE,TRUE
387,91.57831356,350,350,350,83,42,0.038009405,0.047515631,0.045009851,0.004001617,TRUE,TRUE
388,93.61750685,354,354,354,92,42,0.09389019,0.047011375,0.043516159,0.003000498,TRUE,TRUE
389,93.75046555,368,368,368,89,42,0.040113926,0.048011541,0.046515226,0.003000498,TRUE,TRUE
390,96.33035949,343,343,343,222,42,0.048010588,0.054516792,0.053517342,0.00200057,TRUE,TRUE
391,94.48289768,365,365,365,198,42,0.046176195,0.054389715,0.118037939,0.003000736,TRUE,TRUE
392,93.85081768,338,338,338,163,42,0.044514179,0.049233198,0.050519466,0.003027439,TRUE,TRUE
393,94.17327527,342,342,342,180,42,0.098197937,0.052011013,0.049518585,0.003030539,TRUE,TRUE
394,92.33530637,343,343,343,178,42,0.04552865,0.052202225,0.050684929,0.004001141,TRUE,TRUE
395,94.73745834,353,353,353,235,42,0.047515631,0.057016134,0.055516005,0.003000498,TRUE,TRUE
396,97.65972715,1567,1567,1567,51,52,0.058517933,0.128242016,0.067017078,0.003001213,TRUE,TRUE
397,94.07382036,1230,1230,1230,64,52,0.058519125,0.06752038,0.067015648,0.004001379,TRUE,TRUE
398,93.79880196,694,694,694,67,52,0.056325912,0.064518213,0.063702106,0.004000902,TRUE,TRUE
399,97.65246132,1659,1659,1659,51,52,0.055516243,0.127824783,0.063577652,0.003000736,TRUE,TRUE
400,93.83998796,1180,1180,1180,63,52,0.056578875,0.064961195,0.067715168,0.004001617,TRUE,TRUE
401,93.99438668,712,712,712,67,52,0.058874369,0.067278385,0.080067396,0.00404048,TRUE,TRUE
402,97.82499715,1695,1695,1695,51,52,0.055516243,0.137920856,0.064320564,0.002999783,TRUE,TRUE
403,94.80932427,1278,1278,1278,62,52,0.057013273,0.067708492,0.068619251,0.003514528,TRUE,TRUE
404,95.56746041,784,784,784,71,52,0.064265251,0.069515944,0.064365387,0.003081322,TRUE,TRUE
405,96.76872649,1691,1691,1691,51,52,0.061965466,0.128016472,0.065241098,0.004136562,TRUE,TRUE
406,94.00216582,954,954,954,64,52,0.058720589,0.066709757,0.065279722,0.004001141,TRUE,TRUE
407,95.57236599,726,726,726,66,52,0.063534975,0.067762136,0.064562082,0.003000259,TRUE,TRUE
408,97.64428144,441,441,441,78,52,0.061272621,0.127350569,0.064101219,0.003000021,TRUE,TRUE
409,95.98905098,468,468,468,73,52,0.060250044,0.075342655,0.072105408,0.003021955,TRUE,TRUE
410,94.61199443,455,455,455,73,52,0.061468124,0.075140715,0.064412832,0.004048586,TRUE,TRUE
411,95.28834025,530,530,530,70,52,0.125773668,0.063697577,0.069020987,0.003001213,TRUE,TRUE
412,95.26954865,402,402,402,73,52,0.058824062,0.08460784,0.066014528,0.004002333,TRUE,TRUE
413,91.56505018,420,420,420,70,52,0.057518482,0.071169853,0.071520329,0.006003141,TRUE,TRUE
414,95.46013162,681,681,681,111,52,0.126351357,0.068870306,0.072174072,0.003126621,TRUE,TRUE
415,96.78057373,513,513,513,116,52,0.06230092,0.139951468,0.070192337,0.004505634,TRUE,TRUE
416,96.22944817,414,414,414,101,52,0.063402176,0.080089331,0.137851,0.00301981,TRUE,TRUE
417,94.61111613,601,601,601,118,52,0.061346769,0.076522112,0.083770037,0.004123688,TRUE,TRUE
418,95.75740616,504,504,504,109,52,0.061727047,0.070717573,0.069271564,0.003000259,TRUE,TRUE
419,95.62107036,430,430,430,112,52,0.128090143,0.068521261,0.069725275,0.003000498,TRUE,TRUE
420,97.13840912,415,415,415,121,52,0.062280655,0.139822245,0.067520618,0.004001141,TRUE,TRUE
421,95.69798759,446,446,446,109,52,0.061518908,0.069757462,0.067195892,0.003000975,TRUE,TRUE
422,95.71533377,443,443,443,115,52,0.060697556,0.070195675,0.066358566,0.00300765,TRUE,TRUE
423,95.88294559,438,438,438,109,52,0.060846329,0.072885513,0.067015648,0.003000736,TRUE,TRUE
424,97.87632803,395,395,395,114,52,0.059583426,0.141333103,0.068158627,0.003001451,TRUE,TRUE
425,95.75282931,417,417,417,120,52,0.062228441,0.070658207,0.133701563,0.003000975,TRUE,TRUE
426,95.35725111,435,435,435,299,52,0.077153206,0.086524487,0.145953894,0.004017115,TRUE,TRUE
427,96.49663888,415,415,415,284,52,0.076403618,0.085653067,0.140955448,0.003000736,TRUE,TRUE
428,95.11189583,419,419,419,293,52,0.094796419,0.081830263,0.08409667,0.003999949,TRUE,TRUE
429,96.45818056,413,413,413,268,52,0.072188616,0.085180759,0.079835176,0.003016949,TRUE,TRUE
430,94.75830841,437,437,437,306,52,0.076711416,0.085930347,0.082517147,0.004504204,TRUE,TRUE
431,95.51682593,461,461,461,321,52,0.145650625,0.089247942,0.082717896,0.004001141,TRUE,TRUE
432,95.56164427,1985,1985,1985,61,62,0.143291473,0.090149164,0.090526819,0.004001141,TRUE,TRUE
433,95.64448989,1499,1499,1499,74,62,0.148983002,0.091869354,0.093526363,0.004001379,TRUE,TRUE
434,97.68395041,842,842,842,80,62,0.080533266,0.17270565,0.093527317,0.003999949,TRUE,TRUE
435,96.65925533,2083,2083,2083,61,62,0.078524113,0.15205431,0.08983016,0.005079746,TRUE,TRUE
436,94.54350139,1428,1428,1428,76,62,0.080028057,0.091662169,0.16719842,0.005001545,TRUE,TRUE
437,94.58426697,840,840,840,85,62,0.081830978,0.093527555,0.159498692,0.005065203,TRUE,TRUE
438,95.72221004,2032,2032,2032,61,62,0.081762314,0.093527317,0.090526819,0.004000902,TRUE,TRUE
439,94.60241684,1400,1400,1400,75,62,0.080792665,0.092592001,0.091793776,0.00499773,TRUE,TRUE
440,95.66684829,879,879,879,83,62,0.081680536,0.09232688,0.091725349,0.004000664,TRUE,TRUE
441,94.6124896,2069,2069,2069,61,62,0.078681469,0.093694448,0.101711988,0.005047798,TRUE,TRUE
442,95.75280194,1524,1524,1524,72,62,0.082951784,0.094195366,0.092971802,0.004000664,TRUE,TRUE
443,95.69784969,779,779,779,83,62,0.153397799,0.093003273,0.091314554,0.004001141,TRUE,TRUE
444,95.72886895,543,543,543,89,62,0.152053833,0.093678713,0.091804266,0.004001141,TRUE,TRUE
445,97.58674478,525,525,525,92,62,0.07890439,0.165838003,0.092548132,0.004002094,TRUE,TRUE
446,97.38623282,525,525,525,95,62,0.079523325,0.153052092,0.091654062,0.004000425,TRUE,TRUE
447,98.06096146,528,528,528,87,62,0.079593182,0.154741526,0.091527462,0.003000498,TRUE,TRUE
448,95.58662288,510,510,510,84,62,0.080741882,0.090675592,0.156775475,0.004001856,TRUE,TRUE
449,95.56508619,500,500,500,82,62,0.079532385,0.090224504,0.159801006,0.004001379,TRUE,TRUE
450,96.01377779,571,571,571,139,62,0.084877968,0.101127863,0.161835194,0.004031181,TRUE,TRUE
451,97.42829686,518,518,518,161,62,0.092066288,0.155555487,0.097920656,0.004000425,TRUE,TRUE
452,97.75588177,538,538,538,155,62,0.086912394,0.17828393,0.096697569,0.004000902,TRUE,TRUE
453,95.12182644,548,548,548,151,62,0.143223047,0.102529049,0.095973969,0.005001545,TRUE,TRUE
454,96.32817296,541,541,541,144,62,0.166722536,0.109143972,0.099976063,0.004007578,TRUE,TRUE
455,95.98778715,535,535,535,151,62,0.090527058,0.099718094,0.097407579,0.004000902,TRUE,TRUE
456,94.78128258,530,530,530,136,62,0.085525274,0.095834017,0.099607229,0.005001307,TRUE,TRUE
457,95.84513599,550,550,550,145,62,0.085934401,0.096288681,0.103700399,0.004000664,TRUE,TRUE
458,95.66847838,535,535,535,122,62,0.084629774,0.094794512,0.094617367,0.004106045,TRUE,TRUE
459,95.92464604,519,519,519,157,62,0.088524818,0.098728895,0.172738552,0.004023552,TRUE,TRUE
460,96.02609011,511,511,511,155,62,0.087526083,0.100667238,0.174548864,0.004000425,TRUE,TRUE
461,95.97650422,526,526,526,154,62,0.090021849,0.099402905,0.163353443,0.003999472,TRUE,TRUE
462,96.42810986,521,521,521,318,62,0.155571699,0.112531424,0.110281229,0.004019499,TRUE,TRUE
463,96.42054109,492,492,492,323,62,0.105528355,0.111760616,0.111151457,0.004000425,TRUE,TRUE
464,95.97560578,482,482,482,353,62,0.131536245,0.124280691,0.193985939,0.005001545,TRUE,TRUE
465,97.77164322,489,489,489,392,62,0.110656738,0.179555655,0.117708683,0.004001141,TRUE,TRUE
466,96.65984488,541,541,541,375,62,0.168934822,0.119760513,0.120535612,0.004000187,TRUE,TRUE
467,95.71520184,527,527,527,377,62,0.107839346,0.116738796,0.187442303,0.005002022,TRUE,TRUE
468,95.80749283,2261,2261,2261,71,72,0.104243279,0.119291544,0.185321569,0.005001307,TRUE,TRUE
469,97.26563519,1561,1561,1561,90,72,0.106532335,0.182879448,0.123300314,0.005000591,TRUE,TRUE
470,95.21713359,1004,1004,1004,96,72,0.163041353,0.125493526,0.12372303,0.006002188,TRUE,TRUE
471,95.89448096,2541,2541,2541,71,72,0.10681057,0.121813297,0.142980337,0.005001068,TRUE,TRUE
472,95.23234007,1583,1583,1583,84,72,0.107820988,0.125858784,0.122349501,0.006000519,TRUE,TRUE
473,96.0282807,847,847,847,92,72,0.10673213,0.125916958,0.196820974,0.005001068,TRUE,TRUE
474,97.26670384,2330,2330,2330,71,72,0.107842684,0.184739113,0.119845152,0.005049467,TRUE,TRUE
475,96.90697457,1442,1442,1442,86,72,0.10944128,0.194055557,0.119531631,0.006002188,TRUE,TRUE
476,95.48275165,892,892,892,95,72,0.170935631,0.122717857,0.122883081,0.00554347,TRUE,TRUE
477,95.86244102,2293,2293,2293,71,72,0.107787132,0.121532679,0.118764162,0.005028486,TRUE,TRUE
478,94.34572316,1646,1646,1646,86,72,0.108708858,0.126536131,0.119230747,0.007154703,TRUE,TRUE
479,96.10041265,986,986,986,94,72,0.106745005,0.128264427,0.194072485,0.005001783,TRUE,TRUE
480,97.5811446,711,711,711,102,72,0.109464884,0.186714888,0.122807264,0.004516363,TRUE,TRUE
481,96.81982731,583,583,583,108,72,0.182892799,0.126384974,0.127946377,0.00401926,TRUE,TRUE
482,96.00695304,592,592,592,111,72,0.111051083,0.125226498,0.121536255,0.005000353,TRUE,TRUE
483,96.70817092,600,600,600,95,72,0.105755091,0.121533155,0.201677084,0.004000664,TRUE,TRUE
484,97.3349796,607,607,607,97,72,0.111744165,0.187691689,0.126226902,0.005002022,TRUE,TRUE
485,97.87875306,600,600,600,98,72,0.105530262,0.190881252,0.120504856,0.004049063,TRUE,TRUE
486,96.03923753,751,751,751,139,72,0.174806595,0.126265287,0.126453161,0.005001068,TRUE,TRUE
487,97.12575855,596,596,596,188,72,0.119681358,0.139198542,0.211309433,0.004000902,TRUE,TRUE
488,96.86875603,577,577,577,139,72,0.169426441,0.127796412,0.12832427,0.004001617,TRUE,TRUE
489,96.2034183,731,731,731,164,72,0.113255739,0.13172555,0.212548018,0.005001068,TRUE,TRUE
490,97.44325384,637,637,637,169,72,0.114993811,0.19562149,0.127535582,0.005001545,TRUE,TRUE
491,94.6189308,568,568,568,184,72,0.117533922,0.132654905,0.204802513,0.007138252,TRUE,TRUE
492,97.34591771,579,579,579,137,72,0.114680767,0.188420296,0.122977972,0.00500083,TRUE,TRUE
493,95.95622833,582,582,582,171,72,0.182163239,0.127434969,0.128234386,0.005153179,TRUE,TRUE
494,95.42104322,605,605,605,197,72,0.119682312,0.131946325,0.208843946,0.006041765,TRUE,TRUE
495,96.16823234,592,592,592,195,72,0.17371273,0.133091927,0.130547047,0.005099773,TRUE,TRUE
496,96.20694207,597,597,597,185,72,0.118779659,0.131860495,0.197936296,0.005001545,TRUE,TRUE
497,96.66812794,620,620,620,201,72,0.191923141,0.150105,0.131206751,0.005001307,TRUE,TRUE
498,96.46723879,585,585,585,553,72,0.158156872,0.169914246,0.251718283,0.006002665,TRUE,TRUE
499,96.69702358,570,570,570,321,72,0.184070349,0.154197216,0.148808956,0.005093098,TRUE,TRUE
