,NP_MAKESPAN,NP_C1,NP_C2,P_MAKESPAN,P_C1,P_C2,PT_MAKESPAN,PT_C1,PT_C2
0,1154023.0,760355.0,1154023.0,1181441.0,754668.0,1181441.0,1148571.0,767930.0,1148571.0
1,1131570.0,750693.0,1131570.0,1256755.0,744866.0,1256755.0,1160984.0,751810.0,1160984.0
2,1137892.0,748270.0,1137892.0,1318335.0,749787.0,1318335.0,1168867.0,743840.0,1168867.0
3,1155203.0,745841.0,1155203.0,1251531.0,744023.0,1251531.0,1171824.0,746119.0,1171824.0
4,1182242.0,766957.0,1182242.0,1352377.0,766444.0,1352377.0,1298831.0,764514.0,1298831.0
5,1162480.0,769941.0,1162480.0,1172952.0,764367.0,1172952.0,1158349.0,765744.0,1158349.0
6,1134927.0,750044.0,1134927.0,1153943.0,741074.0,1153943.0,1126114.0,748153.0,1126114.0
7,1142786.0,772855.0,1142786.0,1281956.0,786803.0,1281956.0,1136645.0,774195.0,1136645.0
8,1135197.0,728139.0,1135197.0,1178103.0,724905.0,1178103.0,1150934.0,724872.0,1150934.0
9,1151172.0,774672.0,1151172.0,1176396.0,763192.0,1176396.0,1194460.0,779231.0,1194460.0
10,1178709.0,760664.0,1178709.0,1262170.0,782879.0,1262170.0,1172248.0,767058.0,1172248.0
11,1173462.0,779592.0,1173462.0,1317132.0,777278.0,1317132.0,1175939.0,773365.0,1175939.0
12,1156324.0,791698.0,1156324.0,1208847.0,778089.0,1208847.0,1165800.0,799434.0,1165800.0
13,1117628.0,760105.0,1117628.0,1322949.0,790285.0,1322949.0,1124997.0,757740.0,1124997.0
14,1105566.0,757116.0,1105566.0,1192322.0,749009.0,1192322.0,1107021.0,752864.0,1107021.0
15,1148893.0,741620.0,1148893.0,1206022.0,741150.0,1206022.0,1200474.0,738309.0,1200474.0
16,1120884.0,693486.0,1120884.0,1239248.0,684314.0,1239248.0,1123839.0,691369.0,1123839.0
17,1148599.0,765278.0,1148599.0,1236426.0,767033.0,1236426.0,1159354.0,765278.0,1159354.0
18,1155647.0,766604.0,1155647.0,1245670.0,766207.0,1245670.0,1153673.0,772327.0,1153673.0
19,1176262.0,759835.0,1176262.0,1285768.0,754139.0,1285768.0,1177877.0,759755.0,1177877.0
20,1130119.0,758402.0,1130119.0,1201755.0,745550.0,1201755.0,1131519.0,756997.0,1131519.0
21,1160824.0,744386.0,1160824.0,1252333.0,749915.0,1252333.0,1160047.0,754729.0,1160047.0
22,1149571.0,765036.0,1149571.0,1173857.0,755462.0,1173857.0,1160308.0,756383.0,1160308.0
23,1137680.0,739302.0,1137680.0,1203319.0,733571.0,1203319.0,1139410.0,737947.0,1139410.0
24,1134818.0,769179.0,1134818.0,1151402.0,766362.0,1151402.0,1143757.0,759570.0,1143757.0
25,1101115.0,768836.0,1101115.0,1203182.0,763901.0,1203182.0,1113711.0,773321.0,1113711.0
26,1182967.0,755167.0,1182967.0,1320811.0,754812.0,1320811.0,1185491.0,757120.0,1185491.0
27,1146813.0,740824.0,1146813.0,1262140.0,735564.0,1262140.0,1159409.0,736116.0,1159409.0
28,1111907.0,738630.0,1111907.0,1251568.0,741210.0,1251568.0,1102135.0,744590.0,1102135.0
29,1106734.0,724551.0,1106734.0,1168778.0,729915.0,1168778.0,1218592.0,717757.0,1218592.0
30,1143817.0,752017.0,1143817.0,1251786.0,733285.0,1251786.0,1165447.0,733571.0,1165447.0
31,1179659.0,758635.0,1179659.0,1182747.0,755821.0,1182747.0,1179508.0,758791.0,1179508.0
32,1184637.0,803070.0,1184637.0,1230358.0,801370.0,1230358.0,1214985.0,804346.0,1214985.0
33,1132882.0,791199.0,1132882.0,1266271.0,784416.0,1266271.0,1214439.0,796336.0,1214439.0
34,1147640.0,743730.0,1147640.0,1168058.0,743042.0,1168058.0,1156946.0,751793.0,1156946.0
35,1130052.0,710567.0,1130052.0,1289802.0,701575.0,1289802.0,1138677.0,712850.0,1138677.0
36,1147432.0,767704.0,1147432.0,1319613.0,765006.0,1319613.0,1145972.0,765789.0,1145972.0
37,1126578.0,731868.0,1126578.0,1289170.0,730102.0,1289170.0,1141941.0,734119.0,1141941.0
38,1169838.0,798372.0,1169838.0,1166583.0,797502.0,1166583.0,1166065.0,807382.0,1166065.0
39,1175384.0,786155.0,1175384.0,1156878.0,785858.0,1156878.0,1173072.0,786558.0,1173072.0
40,1186038.0,768373.0,1186038.0,1249761.0,774700.0,1249761.0,1182555.0,771483.0,1182555.0
41,1122956.0,762407.0,1122956.0,1196170.0,762210.0,1196170.0,1120923.0,766089.0,1120923.0
42,1124064.0,741463.0,1124064.0,1216497.0,739166.0,1216497.0,1165146.0,749780.0,1165146.0
43,1129376.0,782911.0,1129376.0,1198268.0,782999.0,1198268.0,1131175.0,782518.0,1131175.0
44,1133389.0,728773.0,1133389.0,1249268.0,726975.0,1249268.0,1122608.0,731079.0,1122608.0
45,1105477.0,740773.0,1105477.0,1296160.0,738891.0,1296160.0,1109505.0,746366.0,1109505.0
46,1124094.0,763503.0,1124094.0,1218670.0,760182.0,1218670.0,1127055.0,760415.0,1127055.0
47,1116355.0,769485.0,1116355.0,1178970.0,771037.0,1178970.0,1132291.0,769485.0,1132291.0
48,1140462.0,782122.0,1140462.0,1158850.0,768241.0,1158850.0,1146975.0,784384.0,1146975.0
49,1163459.0,747742.0,1163459.0,1221262.0,749218.0,1221262.0,1318567.0,751095.0,1318567.0
50,1155762.0,745671.0,1155762.0,1314216.0,746779.0,1314216.0,1164718.0,747546.0,1164718.0
51,1124279.0,775099.0,1124279.0,1195122.0,788931.0,1195122.0,1127704.0,776651.0,1127704.0
52,1165928.0,767262.0,1165928.0,1214799.0,777339.0,1214799.0,1166225.0,763483.0,1166225.0
53,1152792.0,769895.0,1152792.0,1175512.0,764981.0,1175512.0,1158142.0,765547.0,1158142.0
54,1121243.0,753809.0,1121243.0,1232543.0,760540.0,1232543.0,1128385.0,754427.0,1128385.0
55,1140591.0,737543.0,1140591.0,1179146.0,720320.0,1179146.0,1181426.0,727434.0,1181426.0
56,1152439.0,769086.0,1152439.0,1149630.0,763374.0,1149630.0,1149064.0,766550.0,1149064.0
57,1143168.0,808121.0,1143168.0,1204605.0,753944.0,1204605.0,1123895.0,803510.0,1123895.0
58,1138842.0,760541.0,1138842.0,1156906.0,757760.0,1156906.0,1136659.0,761497.0,1136659.0
59,1127600.0,768735.0,1127600.0,1214842.0,765953.0,1214842.0,1207335.0,771602.0,1207335.0
60,1093278.0,770801.0,1093278.0,1124082.0,775873.0,1124082.0,1107162.0,773286.0,1107162.0
61,1125364.0,715990.0,1125364.0,1318436.0,747320.0,1318436.0,1140063.0,709815.0,1140063.0
62,1152112.0,783435.0,1152112.0,1153040.0,784107.0,1153040.0,1150146.0,783435.0,1150146.0
63,1150766.0,771268.0,1150766.0,1402903.0,767535.0,1402903.0,1164793.0,772595.0,1164793.0
64,1158802.0,750802.0,1158802.0,1172168.0,744916.0,1172168.0,1170044.0,749496.0,1170044.0
65,1142864.0,741413.0,1142864.0,1201928.0,756820.0,1201928.0,1144735.0,741413.0,1144735.0
66,1120167.0,743915.0,1120167.0,1213617.0,747519.0,1213617.0,1147908.0,739387.0,1147908.0
67,1174042.0,740562.0,1174042.0,1235765.0,732049.0,1235765.0,1305678.0,743751.0,1305678.0
68,1122085.0,747733.0,1122085.0,1211160.0,735205.0,1211160.0,1135809.0,745670.0,1135809.0
69,1128847.0,762192.0,1128847.0,1247649.0,758984.0,1247649.0,1127491.0,761806.0,1127491.0
70,1152561.0,764554.0,1152561.0,1296316.0,757293.0,1296316.0,1160346.0,768379.0,1160346.0
71,1151929.0,766813.0,1151929.0,1308312.0,755861.0,1308312.0,1155108.0,765539.0,1155108.0
72,1158282.0,779028.0,1158282.0,1193515.0,768494.0,1193515.0,1167114.0,773983.0,1167114.0
73,1124755.0,768862.0,1124755.0,1264484.0,763485.0,1264484.0,1285450.0,768188.0,1285450.0
74,1142341.0,784501.0,1142341.0,1182351.0,796753.0,1182351.0,1165582.0,780896.0,1165582.0
75,1214608.0,775577.0,1214608.0,1283895.0,777110.0,1283895.0,1221236.0,782418.0,1221236.0
76,1180642.0,760128.0,1180642.0,1286345.0,760422.0,1286345.0,1179361.0,760077.0,1179361.0
77,1186850.0,783824.0,1186850.0,1288206.0,782849.0,1288206.0,1255318.0,787789.0,1255318.0
78,1156302.0,770246.0,1156302.0,1167503.0,774031.0,1167503.0,1154305.0,771556.0,1154305.0
79,1080498.0,815651.0,1080498.0,1161902.0,805734.0,1161902.0,1086119.0,811121.0,1086119.0
80,1155977.0,747651.0,1155977.0,1160486.0,748842.0,1160486.0,1147861.0,752399.0,1147861.0
81,1152782.0,771244.0,1152782.0,1242892.0,765477.0,1242892.0,1155394.0,769270.0,1155394.0
82,1144089.0,759423.0,1144089.0,1188702.0,757902.0,1188702.0,1157588.0,760959.0,1157588.0
83,1174140.0,744232.0,1174140.0,1266065.0,733589.0,1266065.0,1200134.0,742567.0,1200134.0
84,1141395.0,722169.0,1141395.0,1245646.0,721353.0,1245646.0,1139304.0,725406.0,1139304.0
85,1162078.0,778852.0,1162078.0,1277443.0,742518.0,1277443.0,1162691.0,753528.0,1162691.0
86,1131738.0,776627.0,1131738.0,1280643.0,773102.0,1280643.0,1135446.0,783852.0,1135446.0
87,1178959.0,781868.0,1178959.0,1191595.0,779530.0,1191595.0,1269691.0,782354.0,1269691.0
88,1115558.0,752919.0,1115558.0,1199865.0,754676.0,1199865.0,1116607.0,749535.0,1116607.0
89,1180035.0,759148.0,1180035.0,1345358.0,760956.0,1345358.0,1210052.0,755201.0,1210052.0
90,1153473.0,758732.0,1153473.0,1167012.0,759796.0,1167012.0,1151223.0,759067.0,1151223.0
91,1139955.0,755940.0,1139955.0,1280111.0,757814.0,1280111.0,1144883.0,759544.0,1144883.0
92,1138718.0,801612.0,1138718.0,1213260.0,780632.0,1213260.0,1273039.0,792435.0,1273039.0
93,1131216.0,759534.0,1131216.0,1139415.0,758426.0,1139415.0,1138058.0,761684.0,1138058.0
94,1193048.0,763284.0,1193048.0,1187277.0,766168.0,1187277.0,1207007.0,761454.0,1207007.0
95,1145571.0,769340.0,1145571.0,1187713.0,773659.0,1187713.0,1146595.0,767179.0,1146595.0
96,1113938.0,767312.0,1113938.0,1184786.0,761951.0,1184786.0,1105610.0,760986.0,1105610.0
97,1124864.0,788982.0,1124864.0,1141681.0,785832.0,1141681.0,1124514.0,787415.0,1124514.0
98,1218172.0,772071.0,1218172.0,1263642.0,770468.0,1263642.0,1209502.0,771006.0,1209502.0
99,1124875.0,737529.0,1124875.0,1254644.0,735221.0,1254644.0,1160456.0,741012.0,1160456.0
100,1160439.0,756337.0,1160439.0,1286971.0,756058.0,1286971.0,1149119.0,756212.0,1149119.0
101,1130240.0,749274.0,1130240.0,1208226.0,751508.0,1208226.0,1130570.0,747588.0,1130570.0
102,1108748.0,717172.0,1108748.0,1301397.0,712897.0,1301397.0,1102899.0,719154.0,1102899.0
103,1159290.0,760388.0,1159290.0,1263415.0,756463.0,1263415.0,1207457.0,764267.0,1207457.0
104,1158658.0,794817.0,1158658.0,1188010.0,794162.0,1188010.0,1179730.0,795547.0,1179730.0
105,1165906.0,711967.0,1165906.0,1218534.0,702377.0,1218534.0,1272056.0,699091.0,1272056.0
106,1139303.0,777868.0,1139303.0,1154315.0,774175.0,1154315.0,1140635.0,773635.0,1140635.0
107,1164905.0,752394.0,1164905.0,1227262.0,754360.0,1227262.0,1217537.0,752444.0,1217537.0
108,1195683.0,771452.0,1195683.0,1221672.0,767265.0,1221672.0,1191215.0,769417.0,1191215.0
109,1120655.0,746313.0,1120655.0,1134606.0,732808.0,1134606.0,1176413.0,738957.0,1176413.0
110,1147041.0,767132.0,1147041.0,1144589.0,752151.0,1144589.0,1148404.0,760951.0,1148404.0
111,1162136.0,744785.0,1162136.0,1213572.0,740475.0,1213572.0,1259364.0,742869.0,1259364.0
112,1152272.0,757436.0,1152272.0,1172322.0,761768.0,1172322.0,1249202.0,771233.0,1249202.0
113,1114109.0,753653.0,1114109.0,1131028.0,741518.0,1131028.0,1119115.0,739866.0,1119115.0
114,1143363.0,767246.0,1143363.0,1195141.0,784593.0,1195141.0,1143206.0,762237.0,1143206.0
115,1096332.0,741971.0,1096332.0,1170194.0,744106.0,1170194.0,1091235.0,742850.0,1091235.0
116,1151563.0,702163.0,1151563.0,1210551.0,703166.0,1210551.0,1177083.0,711404.0,1177083.0
117,1172361.0,718652.0,1172361.0,1239477.0,710869.0,1239477.0,1210278.0,721732.0,1210278.0
118,1149298.0,769341.0,1149298.0,1229898.0,757914.0,1229898.0,1151942.0,759172.0,1151942.0
119,1134415.0,749714.0,1134415.0,1188543.0,740118.0,1188543.0,1139801.0,752455.0,1139801.0
120,1162897.0,738322.0,1162897.0,1353321.0,740629.0,1353321.0,1160008.0,737289.0,1160008.0
121,1153175.0,732683.0,1153175.0,1280149.0,730760.0,1280149.0,1157202.0,728631.0,1157202.0
122,1150702.0,788575.0,1150702.0,1152697.0,788325.0,1152697.0,1206859.0,782987.0,1206859.0
123,1159922.0,755958.0,1159922.0,1303286.0,749351.0,1303286.0,1158711.0,750395.0,1158711.0
124,1144756.0,731848.0,1144756.0,1185971.0,730012.0,1185971.0,1153064.0,731402.0,1153064.0
125,1119301.0,736210.0,1119301.0,1313034.0,733971.0,1313034.0,1128841.0,737896.0,1128841.0
126,1147732.0,720770.0,1147732.0,1252490.0,711271.0,1252490.0,1150957.0,727383.0,1150957.0
127,1112393.0,746050.0,1112393.0,1233464.0,743164.0,1233464.0,1112633.0,749593.0,1112633.0
128,1135585.0,735049.0,1135585.0,1232413.0,738177.0,1232413.0,1193690.0,735049.0,1193690.0
129,1154009.0,792582.0,1154009.0,1178699.0,784392.0,1178699.0,1159640.0,790864.0,1159640.0
130,1106783.0,779249.0,1106783.0,1181139.0,754744.0,1181139.0,1107427.0,753039.0,1107427.0
131,1163787.0,795206.0,1163787.0,1362048.0,795176.0,1362048.0,1170519.0,797077.0,1170519.0
132,1110887.0,756562.0,1110887.0,1208052.0,760690.0,1208052.0,1109244.0,758322.0,1109244.0
133,1160668.0,732505.0,1160668.0,1173516.0,731121.0,1173516.0,1163600.0,731121.0,1163600.0
134,1135361.0,731875.0,1135361.0,1151205.0,718824.0,1151205.0,1136646.0,721472.0,1136646.0
135,1154229.0,751484.0,1154229.0,1211541.0,751484.0,1211541.0,1161027.0,751484.0,1161027.0
136,1132884.0,718781.0,1132884.0,1285888.0,726490.0,1285888.0,1133793.0,718314.0,1133793.0
137,1141426.0,774521.0,1141426.0,1155074.0,766186.0,1155074.0,1140221.0,768654.0,1140221.0
138,1173975.0,758767.0,1173975.0,1264216.0,756337.0,1264216.0,1175131.0,748984.0,1175131.0
139,1127844.0,716378.0,1127844.0,1127224.0,704331.0,1127224.0,1130785.0,711116.0,1130785.0
140,1143353.0,791133.0,1143353.0,1285773.0,787585.0,1285773.0,1140454.0,790966.0,1140454.0
141,1142730.0,738833.0,1142730.0,1294530.0,725312.0,1294530.0,1240725.0,728595.0,1240725.0
142,1108832.0,705746.0,1108832.0,1159940.0,703856.0,1159940.0,1148138.0,703976.0,1148138.0
143,1142033.0,787364.0,1142033.0,1243650.0,781460.0,1243650.0,1194006.0,784325.0,1194006.0
144,1152390.0,740785.0,1152390.0,1204620.0,754229.0,1204620.0,1244854.0,742804.0,1244854.0
145,1135481.0,757722.0,1135481.0,1181250.0,755442.0,1181250.0,1184017.0,759117.0,1184017.0
146,1199765.0,742838.0,1199765.0,1260184.0,746437.0,1260184.0,1201984.0,742838.0,1201984.0
147,1129561.0,785780.0,1129561.0,1135586.0,782753.0,1135586.0,1133780.0,782753.0,1133780.0
148,1145672.0,762274.0,1145672.0,1184429.0,756052.0,1184429.0,1150398.0,762046.0,1150398.0
149,1143911.0,758219.0,1143911.0,1214959.0,753451.0,1214959.0,1155836.0,763231.0,1155836.0
150,1108803.0,747735.0,1108803.0,1120461.0,744138.0,1120461.0,1116920.0,747832.0,1116920.0
151,1173406.0,734605.0,1173406.0,1255503.0,752429.0,1255503.0,1172135.0,732097.0,1172135.0
152,1115037.0,742524.0,1115037.0,1208254.0,741339.0,1208254.0,1146533.0,741898.0,1146533.0
153,1145134.0,790437.0,1145134.0,1235257.0,786385.0,1235257.0,1155034.0,797099.0,1155034.0
154,1118148.0,720362.0,1118148.0,1121958.0,719995.0,1121958.0,1249249.0,722471.0,1249249.0
155,1154056.0,739342.0,1154056.0,1159057.0,733628.0,1159057.0,1145442.0,728084.0,1145442.0
156,1116014.0,801268.0,1116014.0,1151474.0,789163.0,1151474.0,1238264.0,795269.0,1238264.0
157,1134675.0,742814.0,1134675.0,1299202.0,733441.0,1299202.0,1257917.0,742808.0,1257917.0
158,1172470.0,760002.0,1172470.0,1241476.0,756907.0,1241476.0,1169958.0,760124.0,1169958.0
159,1182589.0,783594.0,1182589.0,1178554.0,783219.0,1178554.0,1183368.0,783594.0,1183368.0
160,1204066.0,767002.0,1204066.0,1232733.0,753026.0,1232733.0,1221196.0,763858.0,1221196.0
161,1184590.0,776606.0,1184590.0,1231427.0,771230.0,1231427.0,1170628.0,774643.0,1170628.0
162,1198458.0,781788.0,1198458.0,1217708.0,779510.0,1217708.0,1198721.0,780511.0,1198721.0
163,1169021.0,766303.0,1169021.0,1295187.0,765528.0,1295187.0,1183701.0,763398.0,1183701.0
164,1123808.0,762050.0,1123808.0,1265728.0,747645.0,1265728.0,1116685.0,748831.0,1116685.0
165,1154129.0,762518.0,1154129.0,1260774.0,752158.0,1260774.0,1264502.0,761993.0,1264502.0
166,1155731.0,784815.0,1155731.0,1176065.0,787827.0,1176065.0,1160484.0,787750.0,1160484.0
167,1173511.0,727909.0,1173511.0,1270530.0,738042.0,1270530.0,1173730.0,731102.0,1173730.0
168,1125331.0,739381.0,1125331.0,1189468.0,731733.0,1189468.0,1126141.0,738250.0,1126141.0
169,1178514.0,796684.0,1178514.0,1199669.0,794975.0,1199669.0,1177461.0,795556.0,1177461.0
170,1168930.0,693666.0,1168930.0,1278782.0,693666.0,1278782.0,1183194.0,693666.0,1183194.0
171,1151532.0,758702.0,1151532.0,1238360.0,758827.0,1238360.0,1166885.0,756621.0,1166885.0
172,1202291.0,751975.0,1202291.0,1271713.0,753891.0,1271713.0,1201686.0,760063.0,1201686.0
173,1139826.0,795362.0,1139826.0,1259689.0,793816.0,1259689.0,1141940.0,796141.0,1141940.0
174,1144545.0,765688.0,1144545.0,1211281.0,745125.0,1211281.0,1142893.0,767884.0,1142893.0
175,1139471.0,723926.0,1139471.0,1248617.0,721274.0,1248617.0,1218765.0,725450.0,1218765.0
176,1121900.0,740228.0,1121900.0,1303999.0,743046.0,1303999.0,1279686.0,745269.0,1279686.0
177,1151130.0,751743.0,1151130.0,1255459.0,743380.0,1255459.0,1164737.0,754240.0,1164737.0
178,1157013.0,763924.0,1157013.0,1229793.0,767007.0,1229793.0,1159720.0,762717.0,1159720.0
179,1119761.0,772996.0,1119761.0,1214414.0,771268.0,1214414.0,1124199.0,770596.0,1124199.0
180,1156477.0,759560.0,1156477.0,1171414.0,756607.0,1171414.0,1137981.0,760504.0,1137981.0
181,1161295.0,754302.0,1161295.0,1169053.0,752219.0,1169053.0,1156168.0,754026.0,1156168.0
182,1208695.0,769534.0,1208695.0,1350105.0,770072.0,1350105.0,1270800.0,774294.0,1270800.0
183,1072317.0,790569.0,1072317.0,1170650.0,785778.0,1170650.0,1175418.0,794780.0,1175418.0
184,1176106.0,752648.0,1176106.0,1291688.0,750035.0,1291688.0,1180729.0,755318.0,1180729.0
185,1149523.0,763875.0,1149523.0,1166128.0,770338.0,1166128.0,1150207.0,761784.0,1150207.0
186,1114724.0,778629.0,1114724.0,1198881.0,772351.0,1198881.0,1191827.0,778314.0,1191827.0
187,1123538.0,735559.0,1123538.0,1141446.0,733559.0,1141446.0,1126394.0,731940.0,1126394.0
188,1190573.0,740517.0,1190573.0,1347497.0,740471.0,1347497.0,1223491.0,746844.0,1223491.0
189,1146148.0,715457.0,1146148.0,1344893.0,714372.0,1344893.0,1142386.0,716318.0,1142386.0
190,1160054.0,761844.0,1160054.0,1215518.0,753123.0,1215518.0,1149891.0,757859.0,1149891.0
191,1202417.0,768290.0,1202417.0,1255394.0,763323.0,1255394.0,1273808.0,762198.0,1273808.0
192,1162072.0,789020.0,1162072.0,1172441.0,780217.0,1172441.0,1155251.0,789587.0,1155251.0
193,1143973.0,759763.0,1143973.0,1163886.0,754452.0,1163886.0,1146688.0,764145.0,1146688.0
194,1231343.0,753982.0,1231343.0,1352214.0,753062.0,1352214.0,1227530.0,773410.0,1227530.0
195,1173786.0,777915.0,1173786.0,1160985.0,772495.0,1160985.0,1317023.0,775687.0,1317023.0
196,1150819.0,769049.0,1150819.0,1190243.0,770435.0,1190243.0,1139822.0,767900.0,1139822.0
197,1181516.0,718126.0,1181516.0,1159019.0,716037.0,1159019.0,1220779.0,721581.0,1220779.0
198,1188421.0,759429.0,1188421.0,1177189.0,760273.0,1177189.0,1184265.0,759697.0,1184265.0
199,1119413.0,755271.0,1119413.0,1122651.0,754398.0,1122651.0,1122526.0,755083.0,1122526.0
200,1126201.0,753756.0,1126201.0,1180983.0,752147.0,1180983.0,1129915.0,753188.0,1129915.0
201,1123937.0,804471.0,1123937.0,1294968.0,790691.0,1294968.0,1137462.0,797000.0,1137462.0
202,1107043.0,764241.0,1107043.0,1124391.0,761926.0,1124391.0,1106817.0,764042.0,1106817.0
203,1094726.0,701839.0,1094726.0,1154262.0,708362.0,1154262.0,1118179.0,708037.0,1118179.0
204,1146571.0,768308.0,1146571.0,1294948.0,764681.0,1294948.0,1145877.0,765152.0,1145877.0
205,1159146.0,749321.0,1159146.0,1208405.0,752230.0,1208405.0,1166382.0,751971.0,1166382.0
206,1120738.0,718572.0,1120738.0,1153767.0,714024.0,1153767.0,1328118.0,717156.0,1328118.0
207,1188382.0,748799.0,1188382.0,1287614.0,749523.0,1287614.0,1187379.0,741216.0,1187379.0
208,1154423.0,730278.0,1154423.0,1220398.0,729069.0,1220398.0,1314293.0,732082.0,1314293.0
209,1133573.0,733598.0,1133573.0,1196721.0,729543.0,1196721.0,1215744.0,730221.0,1215744.0
210,1139705.0,779227.0,1139705.0,1170794.0,769319.0,1170794.0,1136602.0,778868.0,1136602.0
211,1130447.0,780652.0,1130447.0,1293578.0,777627.0,1293578.0,1133711.0,780652.0,1133711.0
212,1165926.0,771137.0,1165926.0,1324209.0,750479.0,1324209.0,1199480.0,750582.0,1199480.0
213,1153022.0,721019.0,1153022.0,1228950.0,727752.0,1228950.0,1158996.0,720218.0,1158996.0
214,1167298.0,726832.0,1167298.0,1230627.0,724671.0,1230627.0,1167417.0,727114.0,1167417.0
215,1125347.0,759255.0,1125347.0,1335867.0,758040.0,1335867.0,1123696.0,760766.0,1123696.0
216,1125332.0,730601.0,1125332.0,1303096.0,728943.0,1303096.0,1133762.0,732279.0,1133762.0
217,1138208.0,769419.0,1138208.0,1167418.0,766561.0,1167418.0,1139210.0,772884.0,1139210.0
218,1162964.0,744144.0,1162964.0,1244872.0,746568.0,1244872.0,1207087.0,746123.0,1207087.0
219,1153995.0,726183.0,1153995.0,1303223.0,717603.0,1303223.0,1160249.0,723516.0,1160249.0
220,1144677.0,760808.0,1144677.0,1259425.0,763089.0,1259425.0,1220580.0,760940.0,1220580.0
221,1125314.0,728925.0,1125314.0,1197422.0,724121.0,1197422.0,1150598.0,724563.0,1150598.0
222,1165202.0,767626.0,1165202.0,1187069.0,769975.0,1187069.0,1147573.0,768513.0,1147573.0
223,1153813.0,762423.0,1153813.0,1301560.0,760772.0,1301560.0,1167649.0,762310.0,1167649.0
224,1150631.0,752229.0,1150631.0,1342333.0,744119.0,1342333.0,1184311.0,748518.0,1184311.0
225,1170256.0,767559.0,1170256.0,1353653.0,767118.0,1353653.0,1243761.0,766185.0,1243761.0
226,1152201.0,800342.0,1152201.0,1250176.0,790776.0,1250176.0,1154639.0,791060.0,1154639.0
227,1170863.0,759642.0,1170863.0,1267097.0,753728.0,1267097.0,1178428.0,771931.0,1178428.0
228,1190177.0,796284.0,1190177.0,1392851.0,791919.0,1392851.0,1169252.0,794379.0,1169252.0
229,1186535.0,794013.0,1186535.0,1214024.0,790237.0,1214024.0,1200478.0,787898.0,1200478.0
230,1150379.0,731828.0,1150379.0,1212372.0,736120.0,1212372.0,1166716.0,729413.0,1166716.0
231,1146893.0,780990.0,1146893.0,1218027.0,777041.0,1218027.0,1215997.0,771827.0,1215997.0
232,1106357.0,736505.0,1106357.0,1113535.0,731413.0,1113535.0,1236726.0,731153.0,1236726.0
233,1130752.0,786322.0,1130752.0,1182444.0,788522.0,1182444.0,1166978.0,786653.0,1166978.0
234,1160296.0,743556.0,1160296.0,1371410.0,738545.0,1371410.0,1181084.0,742389.0,1181084.0
235,1174801.0,724493.0,1174801.0,1313374.0,725831.0,1313374.0,1174898.0,722278.0,1174898.0
236,1149702.0,774297.0,1149702.0,1205917.0,772454.0,1205917.0,1148747.0,780789.0,1148747.0
237,1146535.0,789564.0,1146535.0,1236151.0,796331.0,1236151.0,1157737.0,789564.0,1157737.0
238,1147743.0,735946.0,1147743.0,1152652.0,745892.0,1152652.0,1148283.0,737640.0,1148283.0
239,1144551.0,771489.0,1144551.0,1317304.0,772444.0,1317304.0,1139614.0,770273.0,1139614.0
240,1140505.0,758959.0,1140505.0,1204763.0,757019.0,1204763.0,1194985.0,757634.0,1194985.0
241,1132337.0,735853.0,1132337.0,1256695.0,734321.0,1256695.0,1124085.0,736443.0,1124085.0
242,1158081.0,752932.0,1158081.0,1271301.0,763221.0,1271301.0,1163027.0,755245.0,1163027.0
243,1108555.0,769182.0,1108555.0,1145831.0,768007.0,1145831.0,1135630.0,771362.0,1135630.0
244,1129098.0,766351.0,1129098.0,1165774.0,763270.0,1165774.0,1126990.0,766324.0,1126990.0
245,1132440.0,774028.0,1132440.0,1201742.0,783545.0,1201742.0,1130618.0,778352.0,1130618.0
246,1159258.0,766318.0,1159258.0,1268807.0,759518.0,1268807.0,1163227.0,760898.0,1163227.0
247,1135187.0,746875.0,1135187.0,1290080.0,726862.0,1290080.0,1177093.0,756389.0,1177093.0
248,1133265.0,781633.0,1133265.0,1334183.0,790925.0,1334183.0,1302589.0,788102.0,1302589.0
249,1136003.0,760509.0,1136003.0,1260203.0,752050.0,1260203.0,1147549.0,760480.0,1147549.0
250,1183148.0,750403.0,1183148.0,1354187.0,758279.0,1354187.0,1268063.0,750430.0,1268063.0
251,1177683.0,775442.0,1177683.0,1275576.0,751013.0,1275576.0,1270608.0,775367.0,1270608.0
252,1164023.0,751825.0,1164023.0,1301076.0,736745.0,1301076.0,1165216.0,749567.0,1165216.0
253,1150649.0,774750.0,1150649.0,1174601.0,783657.0,1174601.0,1158539.0,777097.0,1158539.0
254,1167593.0,753427.0,1167593.0,1177645.0,740540.0,1177645.0,1166736.0,749632.0,1166736.0
255,1155394.0,755458.0,1155394.0,1253860.0,765686.0,1253860.0,1160641.0,752075.0,1160641.0
256,1138974.0,765749.0,1138974.0,1314162.0,759842.0,1314162.0,1260194.0,765715.0,1260194.0
257,1140152.0,762585.0,1140152.0,1138287.0,756401.0,1138287.0,1131406.0,759426.0,1131406.0
258,1149932.0,784071.0,1149932.0,1160142.0,785175.0,1160142.0,1152361.0,794572.0,1152361.0
259,1191053.0,756335.0,1191053.0,1360615.0,747055.0,1360615.0,1187534.0,762506.0,1187534.0
260,1158390.0,779513.0,1158390.0,1356548.0,775930.0,1356548.0,1298062.0,778279.0,1298062.0
261,1156720.0,754756.0,1156720.0,1261704.0,754226.0,1261704.0,1161801.0,760209.0,1161801.0
262,1120573.0,791528.0,1120573.0,1160683.0,786883.0,1160683.0,1138022.0,788619.0,1138022.0
263,1215506.0,761469.0,1215506.0,1209265.0,766633.0,1209265.0,1216673.0,766309.0,1216673.0
264,1136561.0,800686.0,1136561.0,1189264.0,802144.0,1189264.0,1136764.0,800193.0,1136764.0
265,1117009.0,774074.0,1117009.0,1166191.0,773451.0,1166191.0,1128728.0,768520.0,1128728.0
266,1131231.0,776936.0,1131231.0,1138314.0,774623.0,1138314.0,1169522.0,780121.0,1169522.0
267,1129700.0,742150.0,1129700.0,1189536.0,741957.0,1189536.0,1178621.0,740575.0,1178621.0
268,1154852.0,739408.0,1154852.0,1184102.0,749540.0,1184102.0,1246613.0,745568.0,1246613.0
269,1173144.0,777113.0,1173144.0,1297796.0,773108.0,1297796.0,1196479.0,777200.0,1196479.0
270,1182359.0,748033.0,1182359.0,1288199.0,745987.0,1288199.0,1177437.0,750333.0,1177437.0
271,1158993.0,770242.0,1158993.0,1266511.0,767147.0,1266511.0,1194052.0,770658.0,1194052.0
272,1127165.0,760476.0,1127165.0,1139054.0,755974.0,1139054.0,1140076.0,762557.0,1140076.0
273,1147989.0,781160.0,1147989.0,1179972.0,776438.0,1179972.0,1151445.0,777425.0,1151445.0
274,1131808.0,698217.0,1131808.0,1239269.0,704014.0,1239269.0,1203244.0,693175.0,1203244.0
275,1215472.0,763000.0,1215472.0,1295079.0,754748.0,1295079.0,1209644.0,757748.0,1209644.0
276,1166357.0,770459.0,1166357.0,1280660.0,770317.0,1280660.0,1224198.0,770640.0,1224198.0
277,1158160.0,752198.0,1158160.0,1250152.0,753878.0,1250152.0,1157601.0,748351.0,1157601.0
278,1154737.0,705866.0,1154737.0,1333575.0,704242.0,1333575.0,1153225.0,704874.0,1153225.0
279,1136334.0,758611.0,1136334.0,1249293.0,746454.0,1249293.0,1162471.0,759869.0,1162471.0
280,1138429.0,765377.0,1138429.0,1267865.0,766058.0,1267865.0,1186408.0,763167.0,1186408.0
281,1206956.0,767449.0,1206956.0,1314985.0,768297.0,1314985.0,1212582.0,766057.0,1212582.0
282,1140531.0,775104.0,1140531.0,1279772.0,773223.0,1279772.0,1203620.0,771022.0,1203620.0
283,1177980.0,758406.0,1177980.0,1411250.0,747957.0,1411250.0,1214634.0,757743.0,1214634.0
284,1177989.0,766363.0,1177989.0,1299877.0,756978.0,1299877.0,1291001.0,761926.0,1291001.0
285,1166287.0,749926.0,1166287.0,1236162.0,751327.0,1236162.0,1168614.0,751406.0,1168614.0
286,1140020.0,748261.0,1140020.0,1253485.0,740781.0,1253485.0,1140721.0,755332.0,1140721.0
287,1168672.0,756310.0,1168672.0,1262110.0,751084.0,1262110.0,1205694.0,756200.0,1205694.0
288,1173030.0,747522.0,1173030.0,1289541.0,736258.0,1289541.0,1178441.0,734900.0,1178441.0
289,1090060.0,737690.0,1090060.0,1210927.0,746784.0,1210927.0,1079330.0,737690.0,1079330.0
290,1180599.0,741727.0,1180599.0,1274475.0,738731.0,1274475.0,1181319.0,743257.0,1181319.0
291,1179237.0,761170.0,1179237.0,1252236.0,753670.0,1252236.0,1232160.0,761522.0,1232160.0
292,1136951.0,779066.0,1136951.0,1173431.0,775421.0,1173431.0,1131476.0,780377.0,1131476.0
293,1142517.0,723037.0,1142517.0,1129476.0,722346.0,1129476.0,1141043.0,725889.0,1141043.0
294,1135921.0,766732.0,1135921.0,1202309.0,764833.0,1202309.0,1136037.0,767447.0,1136037.0
295,1129644.0,690418.0,1129644.0,1156020.0,714633.0,1156020.0,1132157.0,687847.0,1132157.0
296,1140657.0,756203.0,1140657.0,1224345.0,752501.0,1224345.0,1133692.0,756876.0,1133692.0
297,1127480.0,767438.0,1127480.0,1144913.0,765376.0,1144913.0,1210739.0,773781.0,1210739.0
298,1143658.0,750322.0,1143658.0,1229721.0,740481.0,1229721.0,1144119.0,753303.0,1144119.0
299,1139733.0,778028.0,1139733.0,1288182.0,776474.0,1288182.0,1150011.0,785536.0,1150011.0
300,1158014.0,760065.0,1158014.0,1203208.0,750500.0,1203208.0,1149295.0,754379.0,1149295.0
301,1172987.0,761218.0,1172987.0,1177385.0,760840.0,1177385.0,1164606.0,753891.0,1164606.0
302,1139745.0,776691.0,1139745.0,1241179.0,784683.0,1241179.0,1213094.0,778545.0,1213094.0
303,1137065.0,708366.0,1137065.0,1155235.0,708831.0,1155235.0,1135734.0,706921.0,1135734.0
304,1164352.0,701056.0,1164352.0,1321033.0,698176.0,1321033.0,1170359.0,699229.0,1170359.0
305,1129233.0,737551.0,1129233.0,1160353.0,724941.0,1160353.0,1123254.0,725263.0,1123254.0
306,1151286.0,742498.0,1151286.0,1213737.0,732443.0,1213737.0,1158370.0,735297.0,1158370.0
307,1170923.0,732838.0,1170923.0,1313949.0,702826.0,1313949.0,1262539.0,729531.0,1262539.0
308,1151250.0,760386.0,1151250.0,1319593.0,755730.0,1319593.0,1153847.0,764404.0,1153847.0
309,1148769.0,752310.0,1148769.0,1293510.0,751966.0,1293510.0,1145295.0,758129.0,1145295.0
310,1141407.0,766767.0,1141407.0,1129489.0,769189.0,1129489.0,1138109.0,766375.0,1138109.0
311,1136871.0,797624.0,1136871.0,1165269.0,798483.0,1165269.0,1147045.0,793868.0,1147045.0
312,1153729.0,765501.0,1153729.0,1217323.0,754504.0,1217323.0,1152013.0,764401.0,1152013.0
313,1168465.0,738427.0,1168465.0,1243067.0,735545.0,1243067.0,1168810.0,739339.0,1168810.0
314,1159991.0,770031.0,1159991.0,1263613.0,761958.0,1263613.0,1169277.0,770496.0,1169277.0
315,1159333.0,795846.0,1159333.0,1188670.0,793775.0,1188670.0,1168560.0,796641.0,1168560.0
316,1157639.0,778486.0,1157639.0,1170002.0,770373.0,1170002.0,1160624.0,773475.0,1160624.0
317,1137683.0,720071.0,1137683.0,1140000.0,720349.0,1140000.0,1156631.0,719269.0,1156631.0
318,1135759.0,763625.0,1135759.0,1189166.0,763975.0,1189166.0,1133149.0,764472.0,1133149.0
319,1115804.0,778794.0,1115804.0,1408885.0,777809.0,1408885.0,1182621.0,783687.0,1182621.0
320,1149843.0,753605.0,1149843.0,1283609.0,745400.0,1283609.0,1283471.0,755094.0,1283471.0
321,1122309.0,778375.0,1122309.0,1242650.0,772849.0,1242650.0,1118468.0,774927.0,1118468.0
322,1174163.0,728023.0,1174163.0,1296377.0,744728.0,1296377.0,1172696.0,727291.0,1172696.0
323,1134906.0,753400.0,1134906.0,1222804.0,757708.0,1222804.0,1145206.0,756063.0,1145206.0
324,1154478.0,771285.0,1154478.0,1228580.0,767815.0,1228580.0,1150759.0,771285.0,1150759.0
325,1162355.0,770653.0,1162355.0,1282300.0,769523.0,1282300.0,1177539.0,769194.0,1177539.0
326,1144649.0,757870.0,1144649.0,1257310.0,751117.0,1257310.0,1143074.0,757251.0,1143074.0
327,1150360.0,754241.0,1150360.0,1180340.0,751370.0,1180340.0,1231494.0,775036.0,1231494.0
328,1109518.0,782702.0,1109518.0,1178148.0,778380.0,1178148.0,1162337.0,775736.0,1162337.0
329,1166012.0,713894.0,1166012.0,1170003.0,705075.0,1170003.0,1158719.0,714954.0,1158719.0
330,1168284.0,774794.0,1168284.0,1283314.0,752264.0,1283314.0,1177839.0,760052.0,1177839.0
331,1175848.0,765462.0,1175848.0,1219826.0,763680.0,1219826.0,1182402.0,769030.0,1182402.0
332,1163022.0,767809.0,1163022.0,1186332.0,765166.0,1186332.0,1132109.0,767622.0,1132109.0
333,1135393.0,739490.0,1135393.0,1299130.0,736611.0,1299130.0,1136601.0,740539.0,1136601.0
334,1162403.0,785070.0,1162403.0,1246752.0,780532.0,1246752.0,1266294.0,776939.0,1266294.0
335,1137206.0,765578.0,1137206.0,1223412.0,752445.0,1223412.0,1118815.0,756278.0,1118815.0
336,1126367.0,756601.0,1126367.0,1270885.0,758801.0,1270885.0,1124332.0,756601.0,1124332.0
337,1158271.0,747843.0,1158271.0,1226274.0,744575.0,1226274.0,1151751.0,749747.0,1151751.0
338,1146737.0,695213.0,1146737.0,1188901.0,672965.0,1188901.0,1138530.0,669187.0,1138530.0
339,1119711.0,757475.0,1119711.0,1374729.0,743380.0,1374729.0,1119728.0,753335.0,1119728.0
340,1146354.0,742571.0,1146354.0,1281606.0,740290.0,1281606.0,1179073.0,746127.0,1179073.0
341,1141887.0,781067.0,1141887.0,1202915.0,762912.0,1202915.0,1215299.0,768894.0,1215299.0
342,1122856.0,766997.0,1122856.0,1243953.0,761478.0,1243953.0,1153135.0,768764.0,1153135.0
343,1179023.0,739995.0,1179023.0,1183209.0,726919.0,1183209.0,1382383.0,738598.0,1382383.0
344,1163802.0,767393.0,1163802.0,1202541.0,765920.0,1202541.0,1356748.0,773338.0,1356748.0
345,1154726.0,738185.0,1154726.0,1179075.0,754399.0,1179075.0,1168440.0,746359.0,1168440.0
346,1166085.0,738584.0,1166085.0,1328160.0,737939.0,1328160.0,1277575.0,740888.0,1277575.0
347,1171912.0,764240.0,1171912.0,1314587.0,742967.0,1314587.0,1289530.0,766952.0,1289530.0
348,1147118.0,777176.0,1147118.0,1214673.0,773186.0,1214673.0,1148015.0,785889.0,1148015.0
349,1166387.0,758626.0,1166387.0,1414624.0,748143.0,1414624.0,1246032.0,753295.0,1246032.0
350,1121871.0,682415.0,1121871.0,1298403.0,671319.0,1298403.0,1136709.0,667357.0,1136709.0
351,1103702.0,694615.0,1103702.0,1325342.0,692051.0,1325342.0,1116764.0,694708.0,1116764.0
352,1153099.0,752347.0,1153099.0,1223990.0,761001.0,1223990.0,1154831.0,750301.0,1154831.0
353,1130734.0,740566.0,1130734.0,1197029.0,739074.0,1197029.0,1126006.0,740855.0,1126006.0
354,1101498.0,765555.0,1101498.0,1211689.0,764626.0,1211689.0,1128861.0,772246.0,1128861.0
355,1149358.0,770191.0,1149358.0,1325872.0,772001.0,1325872.0,1147309.0,775721.0,1147309.0
356,1162790.0,781004.0,1162790.0,1171335.0,784015.0,1171335.0,1215412.0,780595.0,1215412.0
357,1137312.0,686944.0,1137312.0,1280934.0,674282.0,1280934.0,1130153.0,676708.0,1130153.0
358,1194993.0,744850.0,1194993.0,1319333.0,738660.0,1319333.0,1182703.0,744965.0,1182703.0
359,1166515.0,763193.0,1166515.0,1227021.0,740462.0,1227021.0,1175275.0,743432.0,1175275.0
360,1135026.0,808225.0,1135026.0,1235831.0,817423.0,1235831.0,1130571.0,812596.0,1130571.0
361,1108812.0,740344.0,1108812.0,1208523.0,728471.0,1208523.0,1111226.0,743247.0,1111226.0
362,1130666.0,716257.0,1130666.0,1209415.0,717312.0,1209415.0,1126506.0,709746.0,1126506.0
363,1159842.0,757838.0,1159842.0,1175603.0,769635.0,1175603.0,1276710.0,758903.0,1276710.0
364,1154098.0,759004.0,1154098.0,1150672.0,760426.0,1150672.0,1157710.0,759625.0,1157710.0
365,1130767.0,767326.0,1130767.0,1144586.0,769022.0,1144586.0,1124868.0,764517.0,1124868.0
366,1137137.0,748564.0,1137137.0,1263422.0,741849.0,1263422.0,1260468.0,745967.0,1260468.0
367,1128686.0,790056.0,1128686.0,1134076.0,786807.0,1134076.0,1123020.0,791570.0,1123020.0
368,1136727.0,762046.0,1136727.0,1163271.0,753413.0,1163271.0,1140336.0,759040.0,1140336.0
369,1135667.0,778417.0,1135667.0,1149435.0,776196.0,1149435.0,1128583.0,789030.0,1128583.0
370,1129125.0,757079.0,1129125.0,1133136.0,753440.0,1133136.0,1302979.0,758109.0,1302979.0
371,1184392.0,793714.0,1184392.0,1292532.0,767188.0,1292532.0,1186381.0,782955.0,1186381.0
372,1151359.0,761688.0,1151359.0,1172132.0,746106.0,1172132.0,1160022.0,759777.0,1160022.0
373,1139791.0,756020.0,1139791.0,1271044.0,749476.0,1271044.0,1158385.0,752829.0,1158385.0
374,1169240.0,748190.0,1169240.0,1253332.0,759253.0,1253332.0,1168793.0,762380.0,1168793.0
375,1187669.0,733056.0,1187669.0,1266403.0,725132.0,1266403.0,1191306.0,730433.0,1191306.0
376,1155025.0,791481.0,1155025.0,1262445.0,779931.0,1262445.0,1155037.0,786667.0,1155037.0
377,1161298.0,755732.0,1161298.0,1160321.0,752063.0,1160321.0,1158142.0,757204.0,1158142.0
378,1147127.0,769258.0,1147127.0,1260059.0,766743.0,1260059.0,1133560.0,768652.0,1133560.0
379,1169307.0,776018.0,1169307.0,1230719.0,776366.0,1230719.0,1169962.0,779488.0,1169962.0
380,1168561.0,700904.0,1168561.0,1217470.0,698831.0,1217470.0,1176069.0,703887.0,1176069.0
381,1113084.0,761070.0,1113084.0,1113365.0,755455.0,1113365.0,1224064.0,758783.0,1224064.0
382,1169335.0,750918.0,1169335.0,1196257.0,756673.0,1196257.0,1271030.0,752816.0,1271030.0
383,1155807.0,795794.0,1155807.0,1215316.0,792072.0,1215316.0,1154224.0,800565.0,1154224.0
384,1145684.0,779680.0,1145684.0,1178162.0,769796.0,1178162.0,1150174.0,779257.0,1150174.0
385,1163719.0,777615.0,1163719.0,1318651.0,763776.0,1318651.0,1215900.0,769870.0,1215900.0
386,1209815.0,781617.0,1209815.0,1258874.0,788428.0,1258874.0,1207694.0,778440.0,1207694.0
387,1169244.0,757308.0,1169244.0,1292425.0,763914.0,1292425.0,1175733.0,757578.0,1175733.0
388,1125731.0,717605.0,1125731.0,1269515.0,700899.0,1269515.0,1113403.0,714458.0,1113403.0
389,1165716.0,773984.0,1165716.0,1358628.0,769234.0,1358628.0,1158381.0,774853.0,1158381.0
390,1177055.0,767671.0,1177055.0,1275087.0,755913.0,1275087.0,1187818.0,770341.0,1187818.0
391,1139285.0,782427.0,1139285.0,1284792.0,775724.0,1284792.0,1149636.0,783669.0,1149636.0
392,1155774.0,745346.0,1155774.0,1248427.0,753549.0,1248427.0,1157412.0,745346.0,1157412.0
393,1136129.0,809539.0,1136129.0,1170812.0,807443.0,1170812.0,1143214.0,810312.0,1143214.0
394,1110731.0,761187.0,1110731.0,1227663.0,757517.0,1227663.0,1115128.0,759437.0,1115128.0
395,1171167.0,749817.0,1171167.0,1337903.0,745579.0,1337903.0,1312130.0,746552.0,1312130.0
396,1134308.0,769852.0,1134308.0,1298051.0,778490.0,1298051.0,1225255.0,770235.0,1225255.0
397,1122782.0,717265.0,1122782.0,1296683.0,715579.0,1296683.0,1110175.0,722081.0,1110175.0
398,1117606.0,726427.0,1117606.0,1228788.0,725161.0,1228788.0,1174312.0,726044.0,1174312.0
399,1129459.0,775061.0,1129459.0,1232409.0,762590.0,1232409.0,1128852.0,769499.0,1128852.0
400,1180572.0,785200.0,1180572.0,1321633.0,783911.0,1321633.0,1182717.0,784200.0,1182717.0
401,1146510.0,776131.0,1146510.0,1266012.0,773210.0,1266012.0,1141785.0,773943.0,1141785.0
402,1141473.0,762464.0,1141473.0,1159973.0,775451.0,1159973.0,1164451.0,767785.0,1164451.0
403,1137418.0,755243.0,1137418.0,1331011.0,751924.0,1331011.0,1144760.0,755963.0,1144760.0
404,1157522.0,746405.0,1157522.0,1347062.0,747002.0,1347062.0,1221422.0,746405.0,1221422.0
405,1148946.0,774415.0,1148946.0,1258467.0,768769.0,1258467.0,1158608.0,770417.0,1158608.0
406,1169798.0,736508.0,1169798.0,1228780.0,729682.0,1228780.0,1254987.0,732132.0,1254987.0
407,1115245.0,762269.0,1115245.0,1208734.0,758193.0,1208734.0,1124534.0,758418.0,1124534.0
408,1157362.0,799082.0,1157362.0,1152034.0,798418.0,1152034.0,1161486.0,797347.0,1161486.0
409,1160737.0,785884.0,1160737.0,1176300.0,785729.0,1176300.0,1154380.0,786140.0,1154380.0
410,1133032.0,781095.0,1133032.0,1163520.0,776738.0,1163520.0,1131207.0,782513.0,1131207.0
411,1175676.0,764904.0,1175676.0,1236274.0,763507.0,1236274.0,1176657.0,764496.0,1176657.0
412,1126095.0,714197.0,1126095.0,1287761.0,712271.0,1287761.0,1130575.0,724996.0,1130575.0
413,1110923.0,765206.0,1110923.0,1177416.0,764655.0,1177416.0,1110012.0,766430.0,1110012.0
414,1181578.0,758460.0,1181578.0,1282553.0,757362.0,1282553.0,1230391.0,754540.0,1230391.0
415,1176009.0,726847.0,1176009.0,1193678.0,725600.0,1193678.0,1163369.0,720095.0,1163369.0
416,1183383.0,729751.0,1183383.0,1205421.0,728192.0,1205421.0,1203702.0,727924.0,1203702.0
417,1110723.0,703712.0,1110723.0,1263551.0,669758.0,1263551.0,1146795.0,704577.0,1146795.0
418,1183762.0,758122.0,1183762.0,1262265.0,765697.0,1262265.0,1180596.0,760673.0,1180596.0
419,1135127.0,711168.0,1135127.0,1247523.0,707953.0,1247523.0,1253817.0,719428.0,1253817.0
420,1101994.0,733578.0,1101994.0,1197568.0,719159.0,1197568.0,1169454.0,735087.0,1169454.0
421,1123175.0,684966.0,1123175.0,1181800.0,703694.0,1181800.0,1131856.0,685114.0,1131856.0
422,1119969.0,777798.0,1119969.0,1236619.0,776567.0,1236619.0,1109454.0,776567.0,1109454.0
423,1179289.0,710575.0,1179289.0,1200452.0,705887.0,1200452.0,1281880.0,707782.0,1281880.0
424,1146438.0,782168.0,1146438.0,1254314.0,780099.0,1254314.0,1152649.0,781835.0,1152649.0
425,1139121.0,747320.0,1139121.0,1135419.0,745025.0,1135419.0,1136967.0,741529.0,1136967.0
426,1160334.0,716378.0,1160334.0,1227485.0,715726.0,1227485.0,1295909.0,710981.0,1295909.0
427,1166975.0,727784.0,1166975.0,1159194.0,723681.0,1159194.0,1160736.0,735905.0,1160736.0
428,1134220.0,779855.0,1134220.0,1160995.0,772363.0,1160995.0,1151029.0,777237.0,1151029.0
429,1126633.0,740991.0,1126633.0,1214835.0,750325.0,1214835.0,1210584.0,745125.0,1210584.0
430,1154117.0,787650.0,1154117.0,1266171.0,784784.0,1266171.0,1159544.0,790256.0,1159544.0
431,1130507.0,761741.0,1130507.0,1117481.0,773042.0,1117481.0,1136804.0,797495.0,1136804.0
432,1125603.0,725435.0,1125603.0,1288862.0,724947.0,1288862.0,1124261.0,730762.0,1124261.0
433,1122604.0,729160.0,1122604.0,1203730.0,719469.0,1203730.0,1134674.0,733571.0,1134674.0
434,1165746.0,767663.0,1165746.0,1234711.0,761683.0,1234711.0,1165746.0,763090.0,1165746.0
435,1142494.0,733328.0,1142494.0,1160141.0,727285.0,1160141.0,1157448.0,734037.0,1157448.0
436,1160660.0,763587.0,1160660.0,1271054.0,760770.0,1271054.0,1168667.0,765259.0,1168667.0
437,1167038.0,791276.0,1167038.0,1209012.0,781804.0,1209012.0,1172093.0,789706.0,1172093.0
438,1125394.0,760858.0,1125394.0,1141574.0,754909.0,1141574.0,1144258.0,760858.0,1144258.0
439,1148032.0,709853.0,1148032.0,1209949.0,704776.0,1209949.0,1152011.0,705126.0,1152011.0
440,1145267.0,791518.0,1145267.0,1177724.0,780833.0,1177724.0,1162055.0,786456.0,1162055.0
441,1135089.0,736588.0,1135089.0,1298842.0,722996.0,1298842.0,1126917.0,736260.0,1126917.0
442,1191640.0,751538.0,1191640.0,1228984.0,756639.0,1228984.0,1195586.0,758752.0,1195586.0
443,1160727.0,775494.0,1160727.0,1206736.0,768177.0,1206736.0,1202246.0,775494.0,1202246.0
444,1113731.0,736226.0,1113731.0,1269353.0,731519.0,1269353.0,1114675.0,736934.0,1114675.0
445,1110517.0,750398.0,1110517.0,1219541.0,748412.0,1219541.0,1111976.0,746939.0,1111976.0
446,1132009.0,744529.0,1132009.0,1290037.0,739043.0,1290037.0,1125187.0,746765.0,1125187.0
447,1152304.0,751781.0,1152304.0,1183915.0,732930.0,1183915.0,1156288.0,745111.0,1156288.0
448,1184284.0,753232.0,1184284.0,1177431.0,753799.0,1177431.0,1179775.0,751886.0,1179775.0
449,1147534.0,777069.0,1147534.0,1307900.0,772504.0,1307900.0,1151786.0,784016.0,1151786.0
450,1191863.0,741362.0,1191863.0,1199635.0,737955.0,1199635.0,1183609.0,740240.0,1183609.0
451,1156980.0,827438.0,1156980.0,1231382.0,807293.0,1231382.0,1152544.0,808955.0,1152544.0
452,1116228.0,760850.0,1116228.0,1283633.0,759711.0,1283633.0,1241267.0,765995.0,1241267.0
453,1159360.0,776532.0,1159360.0,1220122.0,762930.0,1220122.0,1161885.0,767619.0,1161885.0
454,1171284.0,803126.0,1171284.0,1265795.0,801568.0,1265795.0,1186340.0,809985.0,1186340.0
455,1131480.0,746750.0,1131480.0,1254285.0,734552.0,1254285.0,1201206.0,729288.0,1201206.0
456,1161599.0,788666.0,1161599.0,1245222.0,777755.0,1245222.0,1250089.0,773887.0,1250089.0
457,1141523.0,785160.0,1141523.0,1276093.0,773066.0,1276093.0,1147780.0,783045.0,1147780.0
458,1185868.0,749431.0,1185868.0,1231759.0,756010.0,1231759.0,1197601.0,751456.0,1197601.0
459,1173905.0,804318.0,1173905.0,1285997.0,798841.0,1285997.0,1177596.0,804078.0,1177596.0
460,1167710.0,733368.0,1167710.0,1210629.0,735208.0,1210629.0,1160654.0,734581.0,1160654.0
461,1149895.0,726735.0,1149895.0,1289704.0,722228.0,1289704.0,1150396.0,723918.0,1150396.0
462,1109254.0,699395.0,1109254.0,1200577.0,702223.0,1200577.0,1124615.0,699395.0,1124615.0
463,1098665.0,782626.0,1098665.0,1243111.0,779784.0,1243111.0,1101018.0,779837.0,1101018.0
464,1124887.0,725628.0,1124887.0,1279707.0,731495.0,1279707.0,1149528.0,727395.0,1149528.0
465,1161945.0,773198.0,1161945.0,1223336.0,774930.0,1223336.0,1168637.0,774557.0,1168637.0
466,1172752.0,761559.0,1172752.0,1245834.0,756417.0,1245834.0,1238701.0,767131.0,1238701.0
467,1179210.0,772973.0,1179210.0,1389589.0,767549.0,1389589.0,1365435.0,768266.0,1365435.0
468,1129526.0,746704.0,1129526.0,1204612.0,732773.0,1204612.0,1172127.0,735592.0,1172127.0
469,1155675.0,769087.0,1155675.0,1283711.0,759089.0,1283711.0,1215129.0,763805.0,1215129.0
470,1102766.0,724665.0,1102766.0,1243366.0,715714.0,1243366.0,1099110.0,719342.0,1099110.0
471,1123672.0,737146.0,1123672.0,1219376.0,738554.0,1219376.0,1122555.0,738075.0,1122555.0
472,1124795.0,737388.0,1124795.0,1180871.0,733992.0,1180871.0,1122699.0,742534.0,1122699.0
473,1149946.0,784581.0,1149946.0,1151375.0,778441.0,1151375.0,1150215.0,786151.0,1150215.0
474,1115716.0,725735.0,1115716.0,1240544.0,719316.0,1240544.0,1111506.0,717512.0,1111506.0
475,1132713.0,738356.0,1132713.0,1161006.0,735881.0,1161006.0,1138396.0,739884.0,1138396.0
476,1167922.0,784984.0,1167922.0,1214917.0,783589.0,1214917.0,1178612.0,774873.0,1178612.0
477,1117798.0,705538.0,1117798.0,1200633.0,705371.0,1200633.0,1200696.0,706047.0,1200696.0
478,1169709.0,788918.0,1169709.0,1277151.0,787583.0,1277151.0,1155084.0,792888.0,1155084.0
479,1121497.0,764797.0,1121497.0,1284695.0,760802.0,1284695.0,1124108.0,768853.0,1124108.0
480,1119872.0,740449.0,1119872.0,1216790.0,728376.0,1216790.0,1281492.0,735178.0,1281492.0
481,1121879.0,725811.0,1121879.0,1320016.0,715484.0,1320016.0,1127886.0,723044.0,1127886.0
482,1130983.0,737314.0,1130983.0,1155470.0,740340.0,1155470.0,1134495.0,737984.0,1134495.0
483,1110905.0,732456.0,1110905.0,1292641.0,732550.0,1292641.0,1120878.0,733372.0,1120878.0
484,1192830.0,713267.0,1192830.0,1238530.0,712022.0,1238530.0,1172309.0,713267.0,1172309.0
485,1121579.0,740677.0,1121579.0,1221971.0,740340.0,1221971.0,1120514.0,741582.0,1120514.0
486,1172390.0,762161.0,1172390.0,1249976.0,759399.0,1249976.0,1172393.0,761149.0,1172393.0
487,1138697.0,751897.0,1138697.0,1232635.0,746383.0,1232635.0,1132728.0,753117.0,1132728.0
488,1130865.0,761456.0,1130865.0,1313870.0,756475.0,1313870.0,1168502.0,758626.0,1168502.0
489,1115243.0,728736.0,1115243.0,1179240.0,722996.0,1179240.0,1120707.0,726098.0,1120707.0
490,1140029.0,768753.0,1140029.0,1249829.0,757086.0,1249829.0,1138415.0,765791.0,1138415.0
491,1149223.0,750636.0,1149223.0,1231563.0,743148.0,1231563.0,1149751.0,744652.0,1149751.0
492,1175188.0,818542.0,1175188.0,1197629.0,795057.0,1197629.0,1186498.0,807017.0,1186498.0
493,1174669.0,754284.0,1174669.0,1316990.0,749587.0,1316990.0,1265058.0,753026.0,1265058.0
494,1134609.0,757614.0,1134609.0,1236893.0,754427.0,1236893.0,1137031.0,757832.0,1137031.0
495,1170281.0,754210.0,1170281.0,1291915.0,748432.0,1291915.0,1261747.0,751370.0,1261747.0
496,1143713.0,748629.0,1143713.0,1214360.0,755928.0,1214360.0,1144153.0,751982.0,1144153.0
497,1130542.0,778297.0,1130542.0,1367133.0,769232.0,1367133.0,1206855.0,773337.0,1206855.0
498,1139128.0,767843.0,1139128.0,1277101.0,762935.0,1277101.0,1214587.0,766281.0,1214587.0
499,1133551.0,725310.0,1133551.0,1233192.0,726155.0,1233192.0,1131888.0,728082.0,1131888.0
500,1164417.0,757541.0,1164417.0,1284983.0,752785.0,1284983.0,1166528.0,768549.0,1166528.0
501,1147659.0,763893.0,1147659.0,1247671.0,767636.0,1247671.0,1137056.0,763358.0,1137056.0
502,1117247.0,748159.0,1117247.0,1279710.0,757625.0,1279710.0,1116506.0,748159.0,1116506.0
503,1140840.0,707218.0,1140840.0,1173849.0,697901.0,1173849.0,1134727.0,702248.0,1134727.0
504,1153118.0,744546.0,1153118.0,1272824.0,737698.0,1272824.0,1161107.0,739987.0,1161107.0
505,1128217.0,771393.0,1128217.0,1315390.0,772114.0,1315390.0,1129662.0,773925.0,1129662.0
506,1236090.0,760307.0,1236090.0,1317498.0,753774.0,1317498.0,1231533.0,755148.0,1231533.0
507,1116354.0,762688.0,1116354.0,1163041.0,757385.0,1163041.0,1114111.0,765052.0,1114111.0
508,1115367.0,724395.0,1115367.0,1189734.0,722091.0,1189734.0,1119351.0,723852.0,1119351.0
509,1099709.0,699807.0,1099709.0,1137440.0,697389.0,1137440.0,1105349.0,702099.0,1105349.0
510,1195771.0,774970.0,1195771.0,1204543.0,769941.0,1204543.0,1194782.0,767452.0,1194782.0
511,1185044.0,749532.0,1185044.0,1228946.0,749532.0,1228946.0,1187907.0,749532.0,1187907.0
512,1136970.0,773681.0,1136970.0,1152368.0,774724.0,1152368.0,1139995.0,775179.0,1139995.0
513,1160242.0,774239.0,1160242.0,1232964.0,769351.0,1232964.0,1309044.0,774821.0,1309044.0
514,1128536.0,778804.0,1128536.0,1290985.0,773722.0,1290985.0,1134454.0,775190.0,1134454.0
515,1136530.0,749564.0,1136530.0,1237956.0,748103.0,1237956.0,1243354.0,747187.0,1243354.0
516,1157871.0,711980.0,1157871.0,1300963.0,711041.0,1300963.0,1160147.0,710606.0,1160147.0
517,1130074.0,745634.0,1130074.0,1177993.0,742562.0,1177993.0,1161145.0,745795.0,1161145.0
518,1199505.0,773656.0,1199505.0,1260194.0,760841.0,1260194.0,1202440.0,763300.0,1202440.0
519,1182922.0,780690.0,1182922.0,1265506.0,766236.0,1265506.0,1187107.0,768776.0,1187107.0
520,1168402.0,780418.0,1168402.0,1324497.0,774122.0,1324497.0,1153085.0,778944.0,1153085.0
521,1151718.0,757867.0,1151718.0,1334394.0,757242.0,1334394.0,1149928.0,761385.0,1149928.0
522,1158341.0,748674.0,1158341.0,1268021.0,742706.0,1268021.0,1251254.0,745136.0,1251254.0
523,1144208.0,729629.0,1144208.0,1268129.0,730524.0,1268129.0,1280968.0,731106.0,1280968.0
524,1167672.0,774457.0,1167672.0,1257955.0,773496.0,1257955.0,1259653.0,777195.0,1259653.0
525,1125240.0,736976.0,1125240.0,1223706.0,748209.0,1223706.0,1127335.0,739693.0,1127335.0
526,1186738.0,763697.0,1186738.0,1312405.0,738227.0,1312405.0,1186582.0,759541.0,1186582.0
527,1136270.0,759957.0,1136270.0,1144015.0,748742.0,1144015.0,1134538.0,755462.0,1134538.0
528,1141247.0,761922.0,1141247.0,1174579.0,763384.0,1174579.0,1168428.0,772472.0,1168428.0
529,1148538.0,737664.0,1148538.0,1253999.0,731273.0,1253999.0,1189447.0,733919.0,1189447.0
530,1092668.0,774307.0,1092668.0,1195626.0,772469.0,1195626.0,1150388.0,769423.0,1150388.0
531,1127198.0,780068.0,1127198.0,1287775.0,783111.0,1287775.0,1149694.0,780068.0,1149694.0
532,1100344.0,678704.0,1100344.0,1103010.0,677338.0,1103010.0,1299622.0,683924.0,1299622.0
533,1184291.0,770069.0,1184291.0,1195969.0,760359.0,1195969.0,1313872.0,757554.0,1313872.0
534,1139235.0,764199.0,1139235.0,1297679.0,751974.0,1297679.0,1234986.0,756436.0,1234986.0
535,1145334.0,716864.0,1145334.0,1302217.0,708445.0,1302217.0,1141134.0,729714.0,1141134.0
536,1129091.0,806269.0,1129091.0,1197246.0,808883.0,1197246.0,1135845.0,806550.0,1135845.0
537,1176506.0,769453.0,1176506.0,1277472.0,766547.0,1277472.0,1208453.0,765970.0,1208453.0
538,1160051.0,763373.0,1160051.0,1330157.0,762348.0,1330157.0,1300252.0,775701.0,1300252.0
539,1152775.0,779302.0,1152775.0,1149827.0,767875.0,1149827.0,1201005.0,775476.0,1201005.0
540,1175274.0,741314.0,1175274.0,1333394.0,731963.0,1333394.0,1264408.0,739775.0,1264408.0
541,1150429.0,735218.0,1150429.0,1279506.0,728050.0,1279506.0,1158890.0,729452.0,1158890.0
542,1188868.0,737641.0,1188868.0,1204252.0,735675.0,1204252.0,1194122.0,739963.0,1194122.0
543,1149384.0,715693.0,1149384.0,1180091.0,712041.0,1180091.0,1147055.0,720176.0,1147055.0
544,1134260.0,733717.0,1134260.0,1201834.0,729950.0,1201834.0,1141665.0,735195.0,1141665.0
545,1156551.0,721033.0,1156551.0,1304376.0,721222.0,1304376.0,1161513.0,720611.0,1161513.0
546,1148612.0,749450.0,1148612.0,1304235.0,741123.0,1304235.0,1155418.0,745477.0,1155418.0
547,1160184.0,765977.0,1160184.0,1278058.0,772306.0,1278058.0,1168032.0,765518.0,1168032.0
548,1143769.0,738395.0,1143769.0,1260780.0,736584.0,1260780.0,1151629.0,738243.0,1151629.0
549,1097071.0,738376.0,1097071.0,1231682.0,734538.0,1231682.0,1167325.0,738669.0,1167325.0
550,1138212.0,756854.0,1138212.0,1176232.0,767276.0,1176232.0,1325139.0,771288.0,1325139.0
551,1188605.0,756749.0,1188605.0,1212605.0,756749.0,1212605.0,1184773.0,756749.0,1184773.0
552,1132751.0,707724.0,1132751.0,1222617.0,673556.0,1222617.0,1143825.0,710192.0,1143825.0
553,1140602.0,761956.0,1140602.0,1185439.0,757509.0,1185439.0,1125912.0,764402.0,1125912.0
554,1187526.0,744774.0,1187526.0,1238443.0,741382.0,1238443.0,1241066.0,744949.0,1241066.0
555,1220867.0,785567.0,1220867.0,1326855.0,784858.0,1326855.0,1289167.0,784877.0,1289167.0
556,1131040.0,759554.0,1131040.0,1173877.0,762720.0,1173877.0,1132915.0,754386.0,1132915.0
557,1162367.0,744130.0,1162367.0,1266083.0,743490.0,1266083.0,1160806.0,744147.0,1160806.0
558,1153740.0,764319.0,1153740.0,1194975.0,752365.0,1194975.0,1153935.0,765004.0,1153935.0
559,1149179.0,754746.0,1149179.0,1240260.0,744883.0,1240260.0,1152966.0,757633.0,1152966.0
560,1186652.0,756403.0,1186652.0,1202456.0,756501.0,1202456.0,1187543.0,757788.0,1187543.0
561,1173870.0,757082.0,1173870.0,1172716.0,753000.0,1172716.0,1170109.0,757082.0,1170109.0
562,1168946.0,774941.0,1168946.0,1193690.0,769039.0,1193690.0,1269299.0,771456.0,1269299.0
563,1134675.0,734692.0,1134675.0,1279981.0,728608.0,1279981.0,1218064.0,734692.0,1218064.0
564,1142950.0,784751.0,1142950.0,1154965.0,795057.0,1154965.0,1203979.0,784768.0,1203979.0
565,1139915.0,760342.0,1139915.0,1323687.0,742383.0,1323687.0,1142969.0,748850.0,1142969.0
566,1203792.0,730319.0,1203792.0,1349597.0,716369.0,1349597.0,1189549.0,720367.0,1189549.0
567,1112694.0,750299.0,1112694.0,1179436.0,762854.0,1179436.0,1110688.0,752764.0,1110688.0
568,1158961.0,789481.0,1158961.0,1281213.0,787139.0,1281213.0,1213910.0,792552.0,1213910.0
569,1153525.0,783309.0,1153525.0,1271093.0,791335.0,1271093.0,1181770.0,783309.0,1181770.0
570,1113444.0,749230.0,1113444.0,1185108.0,741884.0,1185108.0,1115014.0,749095.0,1115014.0
571,1119804.0,750588.0,1119804.0,1262257.0,748023.0,1262257.0,1121663.0,748507.0,1121663.0
572,1151844.0,763397.0,1151844.0,1259738.0,760754.0,1259738.0,1145239.0,765380.0,1145239.0
573,1181453.0,769617.0,1181453.0,1237873.0,762865.0,1237873.0,1180676.0,765404.0,1180676.0
574,1136991.0,793099.0,1136991.0,1286189.0,797723.0,1286189.0,1139649.0,789719.0,1139649.0
575,1091121.0,744305.0,1091121.0,1149928.0,738418.0,1149928.0,1091291.0,742180.0,1091291.0
576,1135376.0,715609.0,1135376.0,1228843.0,716735.0,1228843.0,1132235.0,711616.0,1132235.0
577,1145939.0,745686.0,1145939.0,1259508.0,735887.0,1259508.0,1145649.0,727897.0,1145649.0
578,1161058.0,765392.0,1161058.0,1156913.0,760152.0,1156913.0,1155875.0,760209.0,1155875.0
579,1150559.0,731885.0,1150559.0,1316042.0,725035.0,1316042.0,1153644.0,722996.0,1153644.0
580,1127639.0,767731.0,1127639.0,1155990.0,762944.0,1155990.0,1135246.0,772854.0,1135246.0
581,1131969.0,771410.0,1131969.0,1216073.0,764082.0,1216073.0,1130742.0,769937.0,1130742.0
582,1116897.0,773068.0,1116897.0,1212815.0,770340.0,1212815.0,1118202.0,771303.0,1118202.0
583,1192272.0,756261.0,1192272.0,1338997.0,755504.0,1338997.0,1203077.0,755281.0,1203077.0
584,1157346.0,774086.0,1157346.0,1242387.0,769354.0,1242387.0,1144699.0,773507.0,1144699.0
585,1181936.0,759092.0,1181936.0,1332331.0,755776.0,1332331.0,1182874.0,756246.0,1182874.0
586,1147280.0,765766.0,1147280.0,1299222.0,762457.0,1299222.0,1222773.0,764967.0,1222773.0
587,1161726.0,795852.0,1161726.0,1201121.0,788937.0,1201121.0,1156777.0,790297.0,1156777.0
588,1153181.0,771145.0,1153181.0,1259371.0,776966.0,1259371.0,1187219.0,768938.0,1187219.0
589,1167462.0,724946.0,1167462.0,1262168.0,732828.0,1262168.0,1166260.0,723545.0,1166260.0
590,1218269.0,773468.0,1218269.0,1226200.0,764800.0,1226200.0,1214408.0,770066.0,1214408.0
591,1133329.0,740396.0,1133329.0,1259278.0,731710.0,1259278.0,1139879.0,740075.0,1139879.0
592,1190948.0,766901.0,1190948.0,1295515.0,766978.0,1295515.0,1288403.0,778766.0,1288403.0
593,1141268.0,745651.0,1141268.0,1164878.0,745553.0,1164878.0,1155934.0,745651.0,1155934.0
594,1174526.0,733001.0,1174526.0,1225845.0,730274.0,1225845.0,1355294.0,732466.0,1355294.0
595,1171277.0,757783.0,1171277.0,1228122.0,755112.0,1228122.0,1292874.0,761235.0,1292874.0
596,1171386.0,698892.0,1171386.0,1305903.0,677099.0,1305903.0,1220417.0,669504.0,1220417.0
597,1150912.0,760528.0,1150912.0,1299294.0,734837.0,1299294.0,1161457.0,757557.0,1161457.0
598,1164634.0,738385.0,1164634.0,1254427.0,737497.0,1254427.0,1164184.0,740418.0,1164184.0
599,1119766.0,757397.0,1119766.0,1194187.0,746111.0,1194187.0,1227659.0,751219.0,1227659.0
600,1112454.0,763944.0,1112454.0,1126549.0,752313.0,1126549.0,1131608.0,759834.0,1131608.0
601,1182794.0,752714.0,1182794.0,1175477.0,749981.0,1175477.0,1182316.0,758304.0,1182316.0
602,1213212.0,747093.0,1213212.0,1286558.0,743163.0,1286558.0,1221000.0,746902.0,1221000.0
603,1168278.0,781349.0,1168278.0,1183433.0,776902.0,1183433.0,1172614.0,777279.0,1172614.0
604,1168771.0,734669.0,1168771.0,1196567.0,726596.0,1196567.0,1166418.0,727251.0,1166418.0
605,1129100.0,782113.0,1129100.0,1284146.0,773515.0,1284146.0,1129359.0,783274.0,1129359.0
606,1143520.0,752496.0,1143520.0,1253891.0,756221.0,1253891.0,1155271.0,751911.0,1155271.0
607,1185790.0,783006.0,1185790.0,1231803.0,792009.0,1231803.0,1183480.0,781954.0,1183480.0
608,1132646.0,748544.0,1132646.0,1365087.0,733827.0,1365087.0,1149490.0,747808.0,1149490.0
609,1178516.0,771235.0,1178516.0,1232022.0,773319.0,1232022.0,1183981.0,770997.0,1183981.0
610,1152091.0,752686.0,1152091.0,1330324.0,750587.0,1330324.0,1318090.0,763490.0,1318090.0
611,1148013.0,773424.0,1148013.0,1148836.0,759382.0,1148836.0,1141551.0,760187.0,1141551.0
612,1119104.0,767118.0,1119104.0,1162309.0,762061.0,1162309.0,1147202.0,778030.0,1147202.0
613,1092909.0,738629.0,1092909.0,1149359.0,740426.0,1149359.0,1141499.0,738397.0,1141499.0
614,1121682.0,721436.0,1121682.0,1169364.0,720251.0,1169364.0,1127783.0,724393.0,1127783.0
615,1102098.0,755246.0,1102098.0,1188009.0,758004.0,1188009.0,1105831.0,755173.0,1105831.0
616,1151726.0,764316.0,1151726.0,1159171.0,765306.0,1159171.0,1154035.0,763340.0,1154035.0
617,1149011.0,737406.0,1149011.0,1191304.0,736269.0,1191304.0,1152946.0,735921.0,1152946.0
618,1119387.0,756781.0,1119387.0,1151413.0,754700.0,1151413.0,1130527.0,760070.0,1130527.0
619,1162372.0,718814.0,1162372.0,1204891.0,717445.0,1204891.0,1163219.0,720218.0,1163219.0
620,1145477.0,760960.0,1145477.0,1286465.0,757515.0,1286465.0,1144087.0,774364.0,1144087.0
621,1108004.0,744323.0,1108004.0,1226844.0,758074.0,1226844.0,1113846.0,742309.0,1113846.0
622,1148595.0,763218.0,1148595.0,1226767.0,730002.0,1226767.0,1157066.0,758581.0,1157066.0
623,1121245.0,715761.0,1121245.0,1170742.0,719024.0,1170742.0,1213940.0,721754.0,1213940.0
624,1140250.0,777112.0,1140250.0,1145719.0,769377.0,1145719.0,1134917.0,770312.0,1134917.0
625,1152226.0,716725.0,1152226.0,1305840.0,716327.0,1305840.0,1158860.0,715529.0,1158860.0
626,1157967.0,782377.0,1157967.0,1299581.0,753588.0,1299581.0,1213097.0,782691.0,1213097.0
627,1170546.0,773993.0,1170546.0,1238159.0,766155.0,1238159.0,1176161.0,772165.0,1176161.0
628,1150178.0,723990.0,1150178.0,1176970.0,719705.0,1176970.0,1141008.0,722269.0,1141008.0
629,1162721.0,754612.0,1162721.0,1194919.0,742902.0,1194919.0,1152866.0,757722.0,1152866.0
630,1135983.0,734970.0,1135983.0,1237346.0,726969.0,1237346.0,1135393.0,731268.0,1135393.0
631,1170926.0,769332.0,1170926.0,1323692.0,764614.0,1323692.0,1171215.0,773746.0,1171215.0
632,1181204.0,735366.0,1181204.0,1304735.0,735282.0,1304735.0,1182690.0,734849.0,1182690.0
633,1149220.0,769534.0,1149220.0,1317493.0,772125.0,1317493.0,1147555.0,769534.0,1147555.0
634,1127913.0,779908.0,1127913.0,1289904.0,774071.0,1289904.0,1127448.0,779908.0,1127448.0
635,1160112.0,730768.0,1160112.0,1177113.0,720310.0,1177113.0,1167328.0,724594.0,1167328.0
636,1186638.0,767589.0,1186638.0,1226557.0,763788.0,1226557.0,1199338.0,766999.0,1199338.0
637,1103787.0,741559.0,1103787.0,1128579.0,725599.0,1128579.0,1148592.0,741373.0,1148592.0
638,1170274.0,804873.0,1170274.0,1230525.0,797420.0,1230525.0,1193010.0,797683.0,1193010.0
639,1154321.0,751874.0,1154321.0,1331773.0,753138.0,1331773.0,1349858.0,754019.0,1349858.0
640,1094706.0,768742.0,1094706.0,1193257.0,765105.0,1193257.0,1260258.0,769863.0,1260258.0
641,1179083.0,782188.0,1179083.0,1187262.0,780546.0,1187262.0,1193584.0,778686.0,1193584.0
642,1151311.0,811560.0,1151311.0,1158864.0,800419.0,1158864.0,1145658.0,811600.0,1145658.0
643,1134673.0,772816.0,1134673.0,1236301.0,767287.0,1236301.0,1131926.0,769734.0,1131926.0
644,1149240.0,750130.0,1149240.0,1154264.0,741562.0,1154264.0,1151169.0,747411.0,1151169.0
645,1174484.0,790082.0,1174484.0,1311451.0,790628.0,1311451.0,1169979.0,784238.0,1169979.0
646,1087395.0,727987.0,1087395.0,1317972.0,715236.0,1317972.0,1099756.0,719106.0,1099756.0
647,1108489.0,768800.0,1108489.0,1239224.0,764318.0,1239224.0,1110380.0,764452.0,1110380.0
648,1133765.0,793168.0,1133765.0,1293754.0,787249.0,1293754.0,1143639.0,798761.0,1143639.0
649,1132503.0,767895.0,1132503.0,1215572.0,760964.0,1215572.0,1125218.0,762050.0,1125218.0
650,1115405.0,752114.0,1115405.0,1226860.0,748360.0,1226860.0,1116794.0,748755.0,1116794.0
651,1142845.0,738200.0,1142845.0,1291148.0,734139.0,1291148.0,1202445.0,745903.0,1202445.0
652,1154779.0,772232.0,1154779.0,1298906.0,768515.0,1298906.0,1142307.0,772267.0,1142307.0
653,1151498.0,720919.0,1151498.0,1233618.0,715787.0,1233618.0,1163240.0,721450.0,1163240.0
654,1115387.0,735710.0,1115387.0,1147051.0,736606.0,1147051.0,1150291.0,737658.0,1150291.0
655,1160473.0,785451.0,1160473.0,1186861.0,786321.0,1186861.0,1164930.0,789009.0,1164930.0
656,1136890.0,759742.0,1136890.0,1159316.0,756001.0,1159316.0,1150217.0,762853.0,1150217.0
657,1141656.0,764069.0,1141656.0,1333061.0,765101.0,1333061.0,1194628.0,764069.0,1194628.0
658,1147871.0,748689.0,1147871.0,1367808.0,743980.0,1367808.0,1153197.0,737839.0,1153197.0
659,1138448.0,732625.0,1138448.0,1256140.0,725390.0,1256140.0,1201437.0,733870.0,1201437.0
660,1142905.0,784256.0,1142905.0,1180847.0,776589.0,1180847.0,1147438.0,775690.0,1147438.0
661,1156788.0,760639.0,1156788.0,1240553.0,761026.0,1240553.0,1142979.0,759010.0,1142979.0
662,1124362.0,772392.0,1124362.0,1164237.0,763580.0,1164237.0,1121924.0,770611.0,1121924.0
663,1119768.0,701855.0,1119768.0,1215315.0,714129.0,1215315.0,1112685.0,703684.0,1112685.0
664,1108287.0,770403.0,1108287.0,1138940.0,770103.0,1138940.0,1126034.0,772500.0,1126034.0
665,1125562.0,788738.0,1125562.0,1247827.0,787847.0,1247827.0,1240856.0,791134.0,1240856.0
666,1161846.0,751859.0,1161846.0,1223028.0,757452.0,1223028.0,1185451.0,755772.0,1185451.0
667,1103233.0,717449.0,1103233.0,1217946.0,726581.0,1217946.0,1103397.0,719666.0,1103397.0
668,1131374.0,745953.0,1131374.0,1366073.0,743616.0,1366073.0,1263512.0,744430.0,1263512.0
669,1126053.0,747524.0,1126053.0,1225600.0,746249.0,1225600.0,1155449.0,754283.0,1155449.0
670,1187898.0,771410.0,1187898.0,1219280.0,758221.0,1219280.0,1183327.0,774015.0,1183327.0
671,1214908.0,753460.0,1214908.0,1351961.0,770583.0,1351961.0,1215404.0,746041.0,1215404.0
672,1131795.0,785681.0,1131795.0,1260479.0,774622.0,1260479.0,1133902.0,776484.0,1133902.0
673,1126617.0,788087.0,1126617.0,1235007.0,774889.0,1235007.0,1154723.0,773510.0,1154723.0
674,1189243.0,767691.0,1189243.0,1195965.0,761970.0,1195965.0,1189855.0,764219.0,1189855.0
675,1154692.0,732228.0,1154692.0,1320970.0,733254.0,1320970.0,1154970.0,733166.0,1154970.0
676,1112462.0,751760.0,1112462.0,1129514.0,762012.0,1129514.0,1122518.0,751760.0,1122518.0
677,1137368.0,692690.0,1137368.0,1260565.0,694003.0,1260565.0,1148974.0,693565.0,1148974.0
678,1140248.0,757081.0,1140248.0,1194653.0,754450.0,1194653.0,1137939.0,762893.0,1137939.0
679,1190259.0,745674.0,1190259.0,1288258.0,741459.0,1288258.0,1202460.0,745548.0,1202460.0
680,1094167.0,751655.0,1094167.0,1144349.0,745581.0,1144349.0,1089977.0,759615.0,1089977.0
681,1134498.0,727534.0,1134498.0,1140716.0,693435.0,1140716.0,1127423.0,720900.0,1127423.0
682,1167921.0,749711.0,1167921.0,1302433.0,748252.0,1302433.0,1178758.0,748821.0,1178758.0
683,1144741.0,753477.0,1144741.0,1227959.0,750379.0,1227959.0,1253672.0,751242.0,1253672.0
684,1097811.0,774045.0,1097811.0,1116550.0,769109.0,1116550.0,1135788.0,775559.0,1135788.0
685,1164681.0,737520.0,1164681.0,1297713.0,731873.0,1297713.0,1183389.0,737154.0,1183389.0
686,1108211.0,727744.0,1108211.0,1258453.0,728913.0,1258453.0,1120500.0,728824.0,1120500.0
687,1129037.0,773548.0,1129037.0,1273590.0,756347.0,1273590.0,1146681.0,771994.0,1146681.0
688,1176986.0,748087.0,1176986.0,1176139.0,772081.0,1176139.0,1201034.0,769989.0,1201034.0
689,1171420.0,781563.0,1171420.0,1212063.0,774566.0,1212063.0,1168339.0,780720.0,1168339.0
690,1138718.0,785600.0,1138718.0,1188894.0,776032.0,1188894.0,1130917.0,780630.0,1130917.0
691,1129683.0,737138.0,1129683.0,1142992.0,740323.0,1142992.0,1130378.0,730414.0,1130378.0
692,1161992.0,743737.0,1161992.0,1197070.0,743774.0,1197070.0,1178332.0,743691.0,1178332.0
693,1167236.0,762902.0,1167236.0,1236057.0,766967.0,1236057.0,1174565.0,765826.0,1174565.0
694,1138727.0,754694.0,1138727.0,1239833.0,737398.0,1239833.0,1147525.0,743678.0,1147525.0
695,1149473.0,735127.0,1149473.0,1212742.0,734039.0,1212742.0,1157142.0,737669.0,1157142.0
696,1134561.0,732349.0,1134561.0,1193953.0,728431.0,1193953.0,1136753.0,738946.0,1136753.0
697,1133360.0,742669.0,1133360.0,1172653.0,718219.0,1172653.0,1299828.0,743029.0,1299828.0
698,1159670.0,745842.0,1159670.0,1245598.0,742091.0,1245598.0,1206262.0,745002.0,1206262.0
699,1127297.0,752310.0,1127297.0,1184867.0,746174.0,1184867.0,1165713.0,748664.0,1165713.0
700,1096730.0,736040.0,1096730.0,1123199.0,735075.0,1123199.0,1115954.0,737555.0,1115954.0
701,1175019.0,742886.0,1175019.0,1170294.0,747229.0,1170294.0,1163895.0,740692.0,1163895.0
702,1126380.0,747388.0,1126380.0,1141306.0,756129.0,1141306.0,1124618.0,747673.0,1124618.0
703,1118551.0,726171.0,1118551.0,1205039.0,718985.0,1205039.0,1173279.0,729506.0,1173279.0
704,1149352.0,739275.0,1149352.0,1321228.0,735188.0,1321228.0,1280957.0,739178.0,1280957.0
705,1133664.0,665706.0,1133664.0,1217803.0,653363.0,1217803.0,1131762.0,662944.0,1131762.0
706,1140945.0,765642.0,1140945.0,1215286.0,757912.0,1215286.0,1144142.0,763224.0,1144142.0
707,1137310.0,742359.0,1137310.0,1248573.0,746754.0,1248573.0,1178096.0,740704.0,1178096.0
708,1138195.0,736838.0,1138195.0,1238029.0,736854.0,1238029.0,1151554.0,732554.0,1151554.0
709,1148882.0,737178.0,1148882.0,1207648.0,737253.0,1207648.0,1142538.0,737178.0,1142538.0
710,1203654.0,751408.0,1203654.0,1201370.0,747948.0,1201370.0,1188884.0,757428.0,1188884.0
711,1127678.0,767907.0,1127678.0,1134655.0,766857.0,1134655.0,1161639.0,767013.0,1161639.0
712,1132155.0,743911.0,1132155.0,1154853.0,745467.0,1154853.0,1134999.0,744613.0,1134999.0
713,1168525.0,796877.0,1168525.0,1264668.0,784102.0,1264668.0,1166138.0,787810.0,1166138.0
714,1160282.0,733706.0,1160282.0,1284005.0,736962.0,1284005.0,1157527.0,738049.0,1157527.0
715,1112248.0,756000.0,1112248.0,1274798.0,755792.0,1274798.0,1114217.0,757408.0,1114217.0
716,1182393.0,757097.0,1182393.0,1261736.0,748672.0,1261736.0,1207346.0,748116.0,1207346.0
717,1158939.0,730098.0,1158939.0,1273234.0,724450.0,1273234.0,1156614.0,726808.0,1156614.0
718,1122204.0,756604.0,1122204.0,1254678.0,738780.0,1254678.0,1122925.0,755091.0,1122925.0
719,1142742.0,754883.0,1142742.0,1265269.0,750396.0,1265269.0,1144521.0,751366.0,1144521.0
720,1157685.0,756082.0,1157685.0,1301495.0,749677.0,1301495.0,1269306.0,753236.0,1269306.0
721,1187081.0,747215.0,1187081.0,1268032.0,742509.0,1268032.0,1187195.0,752763.0,1187195.0
722,1115455.0,757532.0,1115455.0,1140239.0,758085.0,1140239.0,1122620.0,761109.0,1122620.0
723,1110090.0,754877.0,1110090.0,1132466.0,742696.0,1132466.0,1186088.0,745819.0,1186088.0
724,1169761.0,766854.0,1169761.0,1178898.0,769498.0,1178898.0,1291089.0,767943.0,1291089.0
725,1124169.0,760709.0,1124169.0,1166075.0,757539.0,1166075.0,1126705.0,756265.0,1126705.0
726,1160108.0,765787.0,1160108.0,1153233.0,762746.0,1153233.0,1153536.0,765229.0,1153536.0
727,1218772.0,788954.0,1218772.0,1342001.0,777453.0,1342001.0,1212874.0,784618.0,1212874.0
728,1140592.0,766592.0,1140592.0,1208604.0,758478.0,1208604.0,1136771.0,766148.0,1136771.0
729,1138663.0,743368.0,1138663.0,1206477.0,739825.0,1206477.0,1134728.0,745949.0,1134728.0
730,1111851.0,746731.0,1111851.0,1153465.0,742597.0,1153465.0,1110791.0,746669.0,1110791.0
731,1168268.0,734328.0,1168268.0,1274859.0,734864.0,1274859.0,1172636.0,746186.0,1172636.0
732,1172770.0,738068.0,1172770.0,1224127.0,738085.0,1224127.0,1169576.0,741053.0,1169576.0
733,1187549.0,773437.0,1187549.0,1216606.0,769997.0,1216606.0,1191088.0,775704.0,1191088.0
734,1149825.0,763811.0,1149825.0,1220914.0,754308.0,1220914.0,1170128.0,763494.0,1170128.0
735,1128177.0,772208.0,1128177.0,1168840.0,771534.0,1168840.0,1130037.0,773443.0,1130037.0
736,1182083.0,745592.0,1182083.0,1208621.0,747155.0,1208621.0,1192313.0,743647.0,1192313.0
737,1090362.0,696443.0,1090362.0,1212810.0,694626.0,1212810.0,1163541.0,700791.0,1163541.0
738,1153888.0,758983.0,1153888.0,1278027.0,760710.0,1278027.0,1154744.0,760335.0,1154744.0
739,1198594.0,770612.0,1198594.0,1202930.0,769760.0,1202930.0,1209114.0,769985.0,1209114.0
740,1138540.0,740010.0,1138540.0,1240752.0,738422.0,1240752.0,1253792.0,738095.0,1253792.0
741,1138783.0,768828.0,1138783.0,1295892.0,767799.0,1295892.0,1201870.0,768828.0,1201870.0
742,1131805.0,752747.0,1131805.0,1250343.0,748109.0,1250343.0,1128789.0,749416.0,1128789.0
743,1169108.0,780968.0,1169108.0,1204307.0,788012.0,1204307.0,1180763.0,783328.0,1180763.0
744,1174913.0,772898.0,1174913.0,1217557.0,760924.0,1217557.0,1178465.0,770842.0,1178465.0
745,1190244.0,820822.0,1190244.0,1206923.0,815033.0,1206923.0,1191401.0,819001.0,1191401.0
746,1154097.0,752764.0,1154097.0,1209926.0,752659.0,1209926.0,1148408.0,754051.0,1148408.0
747,1165099.0,728271.0,1165099.0,1213125.0,723242.0,1213125.0,1160882.0,732972.0,1160882.0
748,1150028.0,772583.0,1150028.0,1166845.0,756754.0,1166845.0,1150684.0,762459.0,1150684.0
749,1178701.0,760737.0,1178701.0,1271773.0,759063.0,1271773.0,1203466.0,758392.0,1203466.0
750,1148823.0,759186.0,1148823.0,1252070.0,757107.0,1252070.0,1343245.0,766366.0,1343245.0
751,1141168.0,766134.0,1141168.0,1335214.0,767429.0,1335214.0,1141261.0,766134.0,1141261.0
752,1113816.0,745163.0,1113816.0,1229729.0,752576.0,1229729.0,1137234.0,744814.0,1137234.0
753,1138584.0,785362.0,1138584.0,1233191.0,788239.0,1233191.0,1152682.0,786193.0,1152682.0
754,1147710.0,751974.0,1147710.0,1219287.0,751103.0,1219287.0,1148409.0,753449.0,1148409.0
755,1153434.0,758388.0,1153434.0,1232116.0,760487.0,1232116.0,1179283.0,758033.0,1179283.0
756,1145858.0,761815.0,1145858.0,1147621.0,764750.0,1147621.0,1361120.0,773451.0,1361120.0
757,1119613.0,711531.0,1119613.0,1240569.0,707370.0,1240569.0,1153598.0,711352.0,1153598.0
758,1180347.0,764738.0,1180347.0,1246359.0,761799.0,1246359.0,1173890.0,771036.0,1173890.0
759,1125794.0,781143.0,1125794.0,1325132.0,776197.0,1325132.0,1127284.0,775883.0,1127284.0
760,1157139.0,752685.0,1157139.0,1191804.0,760098.0,1191804.0,1162107.0,752685.0,1162107.0
761,1130882.0,735661.0,1130882.0,1291579.0,732284.0,1291579.0,1218705.0,734001.0,1218705.0
762,1172589.0,760455.0,1172589.0,1293930.0,761381.0,1293930.0,1169134.0,757703.0,1169134.0
763,1178679.0,760455.0,1178679.0,1267269.0,759468.0,1267269.0,1185645.0,762295.0,1185645.0
764,1141871.0,761176.0,1141871.0,1334768.0,753806.0,1334768.0,1194751.0,758322.0,1194751.0
765,1138465.0,764732.0,1138465.0,1176031.0,770226.0,1176031.0,1132160.0,762925.0,1132160.0
766,1135226.0,754386.0,1135226.0,1184955.0,746851.0,1184955.0,1134440.0,762330.0,1134440.0
767,1143392.0,686572.0,1143392.0,1216996.0,687723.0,1216996.0,1143923.0,704073.0,1143923.0
768,1140590.0,776445.0,1140590.0,1147581.0,773867.0,1147581.0,1136879.0,775558.0,1136879.0
769,1152862.0,750034.0,1152862.0,1307774.0,741332.0,1307774.0,1144075.0,750031.0,1144075.0
770,1154836.0,769789.0,1154836.0,1320202.0,760860.0,1320202.0,1149160.0,767890.0,1149160.0
771,1155325.0,743735.0,1155325.0,1259746.0,740986.0,1259746.0,1282427.0,742129.0,1282427.0
772,1160851.0,739136.0,1160851.0,1252607.0,733003.0,1252607.0,1197082.0,741336.0,1197082.0
773,1165431.0,727528.0,1165431.0,1254014.0,717918.0,1254014.0,1170361.0,724223.0,1170361.0
774,1129363.0,744883.0,1129363.0,1163960.0,736984.0,1163960.0,1130224.0,758054.0,1130224.0
775,1136191.0,766418.0,1136191.0,1278349.0,766827.0,1278349.0,1142824.0,774782.0,1142824.0
776,1128342.0,748315.0,1128342.0,1234164.0,742731.0,1234164.0,1125462.0,744809.0,1125462.0
777,1144143.0,746170.0,1144143.0,1272992.0,742393.0,1272992.0,1144023.0,745377.0,1144023.0
778,1147843.0,744890.0,1147843.0,1232053.0,727120.0,1232053.0,1154539.0,750266.0,1154539.0
779,1115895.0,716852.0,1115895.0,1223044.0,728784.0,1223044.0,1114108.0,714136.0,1114108.0
780,1159333.0,716341.0,1159333.0,1303343.0,706119.0,1303343.0,1158306.0,702447.0,1158306.0
781,1142911.0,802177.0,1142911.0,1224365.0,784788.0,1224365.0,1334848.0,789890.0,1334848.0
782,1136156.0,783585.0,1136156.0,1233854.0,774196.0,1233854.0,1142748.0,784552.0,1142748.0
783,1159137.0,760323.0,1159137.0,1176152.0,761298.0,1176152.0,1192257.0,752251.0,1192257.0
784,1145612.0,740665.0,1145612.0,1349744.0,741003.0,1349744.0,1145447.0,729719.0,1145447.0
785,1165347.0,752724.0,1165347.0,1212194.0,754918.0,1212194.0,1169443.0,755980.0,1169443.0
786,1116408.0,766907.0,1116408.0,1175239.0,762907.0,1175239.0,1122516.0,772531.0,1122516.0
787,1128283.0,725675.0,1128283.0,1191527.0,724061.0,1191527.0,1135559.0,726247.0,1135559.0
788,1137558.0,767915.0,1137558.0,1326959.0,767847.0,1326959.0,1166524.0,762063.0,1166524.0
789,1196096.0,732913.0,1196096.0,1230855.0,729246.0,1230855.0,1186936.0,733135.0,1186936.0
790,1161666.0,781220.0,1161666.0,1178240.0,782303.0,1178240.0,1161363.0,777519.0,1161363.0
791,1126764.0,714656.0,1126764.0,1243749.0,712155.0,1243749.0,1263617.0,712269.0,1263617.0
792,1113612.0,729651.0,1113612.0,1261443.0,725810.0,1261443.0,1110313.0,732995.0,1110313.0
793,1118470.0,757743.0,1118470.0,1151572.0,763314.0,1151572.0,1126936.0,757722.0,1126936.0
794,1095676.0,742759.0,1095676.0,1171003.0,729052.0,1171003.0,1102967.0,737219.0,1102967.0
795,1135898.0,760176.0,1135898.0,1184453.0,755042.0,1184453.0,1198975.0,761542.0,1198975.0
796,1139071.0,761959.0,1139071.0,1322124.0,759287.0,1322124.0,1136315.0,755327.0,1136315.0
797,1144276.0,735667.0,1144276.0,1282131.0,742213.0,1282131.0,1265466.0,736848.0,1265466.0
798,1180910.0,733262.0,1180910.0,1317780.0,728775.0,1317780.0,1170945.0,723488.0,1170945.0
799,1173724.0,770298.0,1173724.0,1197958.0,767386.0,1197958.0,1167498.0,766157.0,1167498.0
800,1122931.0,663655.0,1122931.0,1253914.0,661660.0,1253914.0,1215648.0,663969.0,1215648.0
801,1126673.0,726888.0,1126673.0,1275351.0,735202.0,1275351.0,1161180.0,722052.0,1161180.0
802,1156221.0,747124.0,1156221.0,1219612.0,748269.0,1219612.0,1151368.0,747124.0,1151368.0
803,1105132.0,789604.0,1105132.0,1138039.0,780299.0,1138039.0,1107654.0,781400.0,1107654.0
804,1177369.0,752902.0,1177369.0,1365440.0,739771.0,1365440.0,1252967.0,754869.0,1252967.0
805,1143309.0,733398.0,1143309.0,1241114.0,720339.0,1241114.0,1153595.0,729718.0,1153595.0
806,1096909.0,751701.0,1096909.0,1243217.0,770913.0,1243217.0,1091831.0,749960.0,1091831.0
807,1150556.0,757497.0,1150556.0,1151018.0,742676.0,1151018.0,1144769.0,746070.0,1144769.0
808,1145155.0,741278.0,1145155.0,1215225.0,739757.0,1215225.0,1146909.0,745910.0,1146909.0
809,1148049.0,723154.0,1148049.0,1199929.0,712430.0,1199929.0,1145957.0,718594.0,1145957.0
810,1136237.0,757503.0,1136237.0,1286675.0,761014.0,1286675.0,1135738.0,764465.0,1135738.0
811,1137100.0,776477.0,1137100.0,1141310.0,773427.0,1141310.0,1135216.0,774857.0,1135216.0
812,1139763.0,775020.0,1139763.0,1349400.0,762324.0,1349400.0,1144566.0,767774.0,1144566.0
813,1118530.0,748292.0,1118530.0,1210929.0,748508.0,1210929.0,1256859.0,748280.0,1256859.0
814,1148423.0,734105.0,1148423.0,1207619.0,732505.0,1207619.0,1158924.0,732498.0,1158924.0
815,1133991.0,774605.0,1133991.0,1257574.0,763667.0,1257574.0,1138336.0,775599.0,1138336.0
816,1169905.0,779389.0,1169905.0,1230836.0,776084.0,1230836.0,1206183.0,790112.0,1206183.0
817,1150011.0,754293.0,1150011.0,1296896.0,749589.0,1296896.0,1139519.0,751208.0,1139519.0
818,1157948.0,760294.0,1157948.0,1237515.0,756177.0,1237515.0,1143250.0,759741.0,1143250.0
819,1169010.0,734987.0,1169010.0,1214093.0,724686.0,1214093.0,1170630.0,736534.0,1170630.0
820,1128221.0,786596.0,1128221.0,1130405.0,789107.0,1130405.0,1130523.0,785446.0,1130523.0
821,1133934.0,743109.0,1133934.0,1299645.0,729843.0,1299645.0,1162102.0,731379.0,1162102.0
822,1154207.0,752203.0,1154207.0,1169215.0,747495.0,1169215.0,1166680.0,752319.0,1166680.0
823,1166717.0,779710.0,1166717.0,1319738.0,771535.0,1319738.0,1177025.0,785332.0,1177025.0
824,1162439.0,745391.0,1162439.0,1233892.0,737809.0,1233892.0,1181801.0,745518.0,1181801.0
825,1126231.0,754051.0,1126231.0,1291312.0,752656.0,1291312.0,1206264.0,752845.0,1206264.0
826,1151609.0,784116.0,1151609.0,1162786.0,776479.0,1162786.0,1150275.0,788238.0,1150275.0
827,1119922.0,760088.0,1119922.0,1129114.0,748010.0,1129114.0,1132598.0,760088.0,1132598.0
828,1188265.0,767817.0,1188265.0,1340952.0,767333.0,1340952.0,1190029.0,761491.0,1190029.0
829,1156235.0,721761.0,1156235.0,1227619.0,724405.0,1227619.0,1178588.0,719224.0,1178588.0
830,1142590.0,749504.0,1142590.0,1215677.0,713739.0,1215677.0,1134748.0,749803.0,1134748.0
831,1121821.0,737084.0,1121821.0,1280760.0,736860.0,1280760.0,1242221.0,736860.0,1242221.0
832,1172973.0,753771.0,1172973.0,1225427.0,753289.0,1225427.0,1164190.0,753771.0,1164190.0
833,1114496.0,760648.0,1114496.0,1136554.0,758759.0,1136554.0,1117185.0,765148.0,1117185.0
834,1103179.0,755519.0,1103179.0,1272914.0,752976.0,1272914.0,1228291.0,756033.0,1228291.0
835,1122627.0,727489.0,1122627.0,1236592.0,731406.0,1236592.0,1252458.0,727166.0,1252458.0
836,1152056.0,732113.0,1152056.0,1316330.0,729036.0,1316330.0,1182891.0,733733.0,1182891.0
837,1164123.0,795340.0,1164123.0,1286707.0,786414.0,1286707.0,1172801.0,795131.0,1172801.0
838,1118510.0,745632.0,1118510.0,1155414.0,734818.0,1155414.0,1114218.0,737022.0,1114218.0
839,1194314.0,752766.0,1194314.0,1317177.0,745728.0,1317177.0,1194464.0,750660.0,1194464.0
840,1189764.0,746387.0,1189764.0,1263518.0,752826.0,1263518.0,1187783.0,745462.0,1187783.0
841,1138343.0,748897.0,1138343.0,1279408.0,741339.0,1279408.0,1142788.0,748126.0,1142788.0
842,1156461.0,765985.0,1156461.0,1189074.0,759958.0,1189074.0,1155530.0,767283.0,1155530.0
843,1158407.0,727612.0,1158407.0,1166476.0,730628.0,1166476.0,1167491.0,727112.0,1167491.0
844,1213284.0,779306.0,1213284.0,1332811.0,722365.0,1332811.0,1214509.0,770637.0,1214509.0
845,1140535.0,763464.0,1140535.0,1163189.0,761596.0,1163189.0,1138228.0,767834.0,1138228.0
846,1119792.0,727689.0,1119792.0,1349335.0,727656.0,1349335.0,1127843.0,730256.0,1127843.0
847,1136609.0,787118.0,1136609.0,1221906.0,787926.0,1221906.0,1136125.0,785362.0,1136125.0
848,1153152.0,731842.0,1153152.0,1239722.0,730455.0,1239722.0,1151028.0,738496.0,1151028.0
849,1178432.0,711955.0,1178432.0,1297982.0,708421.0,1297982.0,1169617.0,715333.0,1169617.0
850,1158168.0,740225.0,1158168.0,1185237.0,745057.0,1185237.0,1162647.0,751539.0,1162647.0
851,1200849.0,751734.0,1200849.0,1334180.0,744768.0,1334180.0,1203958.0,745337.0,1203958.0
852,1161691.0,757448.0,1161691.0,1180540.0,747367.0,1180540.0,1381955.0,751027.0,1381955.0
853,1154085.0,745557.0,1154085.0,1310320.0,735555.0,1310320.0,1155518.0,742375.0,1155518.0
854,1141246.0,771550.0,1141246.0,1238109.0,767964.0,1238109.0,1141402.0,771523.0,1141402.0
855,1151422.0,781762.0,1151422.0,1178650.0,776882.0,1178650.0,1211544.0,784394.0,1211544.0
856,1109544.0,735153.0,1109544.0,1215104.0,727012.0,1215104.0,1188544.0,738711.0,1188544.0
857,1092772.0,668508.0,1092772.0,1134968.0,677756.0,1134968.0,1098554.0,675472.0,1098554.0
858,1163054.0,787599.0,1163054.0,1165167.0,776277.0,1165167.0,1225219.0,778133.0,1225219.0
859,1165546.0,757461.0,1165546.0,1256230.0,754689.0,1256230.0,1170103.0,756395.0,1170103.0
860,1149136.0,767685.0,1149136.0,1220088.0,746597.0,1220088.0,1164515.0,766379.0,1164515.0
861,1120413.0,741953.0,1120413.0,1131210.0,743903.0,1131210.0,1158315.0,742992.0,1158315.0
862,1153350.0,792752.0,1153350.0,1172610.0,792752.0,1172610.0,1153126.0,790696.0,1153126.0
863,1169566.0,702981.0,1169566.0,1260676.0,698162.0,1260676.0,1168836.0,702162.0,1168836.0
864,1168350.0,776554.0,1168350.0,1257018.0,773789.0,1257018.0,1166062.0,787184.0,1166062.0
865,1121993.0,773122.0,1121993.0,1283666.0,765881.0,1283666.0,1123044.0,773124.0,1123044.0
866,1135995.0,743757.0,1135995.0,1193762.0,737604.0,1193762.0,1140151.0,744481.0,1140151.0
867,1110443.0,699308.0,1110443.0,1216706.0,696852.0,1216706.0,1190228.0,697115.0,1190228.0
868,1139944.0,772482.0,1139944.0,1185012.0,768461.0,1185012.0,1288912.0,767818.0,1288912.0
869,1114104.0,747775.0,1114104.0,1133827.0,749522.0,1133827.0,1109849.0,747775.0,1109849.0
870,1113366.0,760417.0,1113366.0,1190727.0,755068.0,1190727.0,1111310.0,756123.0,1111310.0
871,1133955.0,716372.0,1133955.0,1279527.0,725013.0,1279527.0,1281660.0,711995.0,1281660.0
872,1151040.0,782661.0,1151040.0,1306022.0,774555.0,1306022.0,1180565.0,774346.0,1180565.0
873,1163355.0,751547.0,1163355.0,1264008.0,749598.0,1264008.0,1309135.0,755844.0,1309135.0
874,1153562.0,804159.0,1153562.0,1213538.0,804928.0,1213538.0,1167245.0,804755.0,1167245.0
875,1127311.0,772416.0,1127311.0,1279434.0,778089.0,1279434.0,1132776.0,772416.0,1132776.0
876,1091282.0,750597.0,1091282.0,1161325.0,746574.0,1161325.0,1089757.0,748539.0,1089757.0
877,1122285.0,745401.0,1122285.0,1205450.0,731210.0,1205450.0,1122692.0,735980.0,1122692.0
878,1154697.0,742945.0,1154697.0,1261091.0,741235.0,1261091.0,1148205.0,743811.0,1148205.0
879,1129090.0,739572.0,1129090.0,1219565.0,738612.0,1219565.0,1129337.0,741277.0,1129337.0
880,1145270.0,734417.0,1145270.0,1186193.0,730249.0,1186193.0,1267010.0,733529.0,1267010.0
881,1142086.0,790126.0,1142086.0,1271820.0,779681.0,1271820.0,1172123.0,782662.0,1172123.0
882,1159887.0,730919.0,1159887.0,1223442.0,731277.0,1223442.0,1129245.0,740615.0,1129245.0
883,1107097.0,738660.0,1107097.0,1296157.0,732293.0,1296157.0,1310256.0,738174.0,1310256.0
884,1173068.0,780876.0,1173068.0,1273647.0,770401.0,1273647.0,1162472.0,778090.0,1162472.0
885,1147052.0,765017.0,1147052.0,1229893.0,756268.0,1229893.0,1215282.0,758856.0,1215282.0
886,1129674.0,749585.0,1129674.0,1323020.0,739097.0,1323020.0,1130873.0,748228.0,1130873.0
887,1156174.0,762649.0,1156174.0,1308795.0,748681.0,1308795.0,1156871.0,752595.0,1156871.0
888,1159353.0,761333.0,1159353.0,1265604.0,758887.0,1265604.0,1162348.0,769876.0,1162348.0
889,1095143.0,750417.0,1095143.0,1277162.0,752908.0,1277162.0,1089299.0,749880.0,1089299.0
890,1145072.0,706084.0,1145072.0,1174397.0,713682.0,1174397.0,1209724.0,710208.0,1209724.0
891,1120165.0,718223.0,1120165.0,1338654.0,711866.0,1338654.0,1111805.0,714061.0,1111805.0
892,1139064.0,814356.0,1139064.0,1209687.0,801645.0,1209687.0,1149909.0,808790.0,1149909.0
893,1149056.0,766410.0,1149056.0,1208744.0,762813.0,1208744.0,1153552.0,764464.0,1153552.0
894,1108373.0,786434.0,1108373.0,1232865.0,774556.0,1232865.0,1147464.0,786294.0,1147464.0
895,1163966.0,748395.0,1163966.0,1256199.0,767215.0,1256199.0,1165064.0,747968.0,1165064.0
896,1169406.0,725004.0,1169406.0,1167249.0,736456.0,1167249.0,1258253.0,725044.0,1258253.0
897,1204903.0,796628.0,1204903.0,1227961.0,798428.0,1227961.0,1199638.0,802473.0,1199638.0
898,1107706.0,782993.0,1107706.0,1309894.0,771243.0,1309894.0,1329584.0,781660.0,1329584.0
899,1149327.0,719682.0,1149327.0,1234010.0,716720.0,1234010.0,1295574.0,717105.0,1295574.0
900,1145194.0,728558.0,1145194.0,1131047.0,730290.0,1131047.0,1144855.0,728587.0,1144855.0
901,1168974.0,757313.0,1168974.0,1245466.0,757990.0,1245466.0,1182311.0,761911.0,1182311.0
902,1175121.0,781151.0,1175121.0,1252405.0,778574.0,1252405.0,1184425.0,794085.0,1184425.0
903,1174845.0,751054.0,1174845.0,1206248.0,749010.0,1206248.0,1184633.0,751054.0,1184633.0
904,1169427.0,760655.0,1169427.0,1301392.0,755744.0,1301392.0,1175566.0,757309.0,1175566.0
905,1146551.0,768734.0,1146551.0,1315983.0,759231.0,1315983.0,1151782.0,759953.0,1151782.0
906,1111178.0,746304.0,1111178.0,1275025.0,743727.0,1275025.0,1228246.0,744732.0,1228246.0
907,1172733.0,782988.0,1172733.0,1345581.0,779198.0,1345581.0,1164381.0,783913.0,1164381.0
908,1134974.0,744775.0,1134974.0,1214095.0,743312.0,1214095.0,1134929.0,744775.0,1134929.0
909,1146575.0,769945.0,1146575.0,1371549.0,769488.0,1371549.0,1158804.0,764447.0,1158804.0
910,1149605.0,745864.0,1149605.0,1329366.0,736830.0,1329366.0,1139915.0,763446.0,1139915.0
911,1174029.0,746485.0,1174029.0,1307133.0,750589.0,1307133.0,1169738.0,769059.0,1169738.0
912,1180482.0,774973.0,1180482.0,1246265.0,765425.0,1246265.0,1179710.0,775358.0,1179710.0
913,1160494.0,785651.0,1160494.0,1301887.0,788625.0,1301887.0,1158432.0,784049.0,1158432.0
914,1187835.0,718653.0,1187835.0,1192705.0,716150.0,1192705.0,1203240.0,724217.0,1203240.0
915,1154888.0,750101.0,1154888.0,1248361.0,747857.0,1248361.0,1196493.0,749933.0,1196493.0
916,1153047.0,701355.0,1153047.0,1298887.0,706211.0,1298887.0,1291738.0,696411.0,1291738.0
917,1132756.0,735517.0,1132756.0,1270533.0,730500.0,1270533.0,1131514.0,728413.0,1131514.0
918,1126793.0,775959.0,1126793.0,1141296.0,775634.0,1141296.0,1138064.0,775475.0,1138064.0
919,1140558.0,735228.0,1140558.0,1208899.0,733317.0,1208899.0,1154616.0,734800.0,1154616.0
920,1160146.0,748769.0,1160146.0,1230098.0,743504.0,1230098.0,1161945.0,752057.0,1161945.0
921,1147931.0,757341.0,1147931.0,1326534.0,757481.0,1326534.0,1270291.0,752470.0,1270291.0
922,1103548.0,759958.0,1103548.0,1227818.0,754159.0,1227818.0,1106413.0,753461.0,1106413.0
923,1114415.0,775599.0,1114415.0,1229618.0,775810.0,1229618.0,1244179.0,779223.0,1244179.0
924,1142753.0,749977.0,1142753.0,1216264.0,735071.0,1216264.0,1179203.0,749780.0,1179203.0
925,1173524.0,778760.0,1173524.0,1254813.0,779426.0,1254813.0,1176549.0,779259.0,1176549.0
926,1198387.0,767025.0,1198387.0,1247508.0,778677.0,1247508.0,1203050.0,770249.0,1203050.0
927,1141917.0,785481.0,1141917.0,1275398.0,765428.0,1275398.0,1143138.0,776100.0,1143138.0
928,1116406.0,718030.0,1116406.0,1242323.0,707660.0,1242323.0,1132490.0,709535.0,1132490.0
929,1147046.0,758745.0,1147046.0,1155137.0,746730.0,1155137.0,1135981.0,745620.0,1135981.0
930,1162489.0,745222.0,1162489.0,1208477.0,732207.0,1208477.0,1173177.0,734660.0,1173177.0
931,1160116.0,758539.0,1160116.0,1201098.0,758186.0,1201098.0,1158012.0,759714.0,1158012.0
932,1113388.0,765585.0,1113388.0,1183660.0,769924.0,1183660.0,1121202.0,765659.0,1121202.0
933,1170584.0,796876.0,1170584.0,1301998.0,789188.0,1301998.0,1205543.0,792352.0,1205543.0
934,1171694.0,759783.0,1171694.0,1273652.0,779759.0,1273652.0,1170144.0,749564.0,1170144.0
935,1182579.0,789049.0,1182579.0,1193701.0,788989.0,1193701.0,1218982.0,790046.0,1218982.0
936,1170195.0,741607.0,1170195.0,1248789.0,747248.0,1248789.0,1173005.0,740323.0,1173005.0
937,1104832.0,722849.0,1104832.0,1148955.0,720028.0,1148955.0,1206284.0,719999.0,1206284.0
938,1142480.0,726240.0,1142480.0,1259020.0,708212.0,1259020.0,1139166.0,723257.0,1139166.0
939,1090804.0,767093.0,1090804.0,1090942.0,751913.0,1090942.0,1084531.0,762819.0,1084531.0
940,1172608.0,792691.0,1172608.0,1288069.0,790343.0,1288069.0,1174553.0,790793.0,1174553.0
941,1180064.0,727190.0,1180064.0,1204337.0,723524.0,1204337.0,1183379.0,726063.0,1183379.0
942,1110104.0,754246.0,1110104.0,1253587.0,753880.0,1253587.0,1110621.0,752913.0,1110621.0
943,1124036.0,724124.0,1124036.0,1126215.0,727740.0,1126215.0,1124859.0,724166.0,1124859.0
944,1127457.0,737449.0,1127457.0,1255012.0,736845.0,1255012.0,1274704.0,738480.0,1274704.0
945,1161025.0,747525.0,1161025.0,1350570.0,741545.0,1350570.0,1175598.0,749658.0,1175598.0
946,1111293.0,725436.0,1111293.0,1157304.0,727435.0,1157304.0,1134302.0,725722.0,1134302.0
947,1187613.0,725609.0,1187613.0,1343885.0,717995.0,1343885.0,1190222.0,723258.0,1190222.0
948,1149873.0,747733.0,1149873.0,1194620.0,742493.0,1194620.0,1164735.0,745582.0,1164735.0
949,1121366.0,778735.0,1121366.0,1251093.0,774899.0,1251093.0,1115901.0,775114.0,1115901.0
950,1171917.0,766110.0,1171917.0,1293680.0,750248.0,1293680.0,1173744.0,756742.0,1173744.0
951,1096364.0,726410.0,1096364.0,1261394.0,721776.0,1261394.0,1129883.0,727597.0,1129883.0
952,1134409.0,723983.0,1134409.0,1158873.0,722227.0,1158873.0,1141269.0,725383.0,1141269.0
953,1158150.0,781377.0,1158150.0,1185389.0,779166.0,1185389.0,1161927.0,777751.0,1161927.0
954,1144087.0,806407.0,1144087.0,1210437.0,807003.0,1210437.0,1135835.0,808363.0,1135835.0
955,1132796.0,753537.0,1132796.0,1226388.0,753532.0,1226388.0,1144575.0,758468.0,1144575.0
956,1138433.0,775050.0,1138433.0,1219477.0,770634.0,1219477.0,1116451.0,768167.0,1116451.0
957,1146658.0,770339.0,1146658.0,1192379.0,765135.0,1192379.0,1154535.0,774351.0,1154535.0
958,1146354.0,749088.0,1146354.0,1246782.0,758119.0,1246782.0,1220781.0,746475.0,1220781.0
959,1189627.0,776957.0,1189627.0,1356441.0,781741.0,1356441.0,1199011.0,774804.0,1199011.0
960,1163466.0,750185.0,1163466.0,1317215.0,742049.0,1317215.0,1355959.0,746883.0,1355959.0
961,1141481.0,776683.0,1141481.0,1266747.0,768241.0,1266747.0,1167437.0,770077.0,1167437.0
962,1101454.0,758567.0,1101454.0,1206596.0,755193.0,1206596.0,1176800.0,755281.0,1176800.0
963,1151611.0,806566.0,1151611.0,1207261.0,803596.0,1207261.0,1151405.0,809063.0,1151405.0
964,1152679.0,701444.0,1152679.0,1268493.0,701139.0,1268493.0,1155667.0,702763.0,1155667.0
965,1135577.0,763929.0,1135577.0,1292588.0,769149.0,1292588.0,1263417.0,760934.0,1263417.0
966,1141697.0,766971.0,1141697.0,1242739.0,766750.0,1242739.0,1144395.0,779081.0,1144395.0
967,1203217.0,783598.0,1203217.0,1319704.0,781441.0,1319704.0,1293476.0,784100.0,1293476.0
968,1140289.0,763580.0,1140289.0,1154967.0,761485.0,1154967.0,1140275.0,760606.0,1140275.0
969,1170712.0,727784.0,1170712.0,1211872.0,733488.0,1211872.0,1242888.0,725364.0,1242888.0
970,1126787.0,760735.0,1126787.0,1265490.0,764163.0,1265490.0,1163207.0,753135.0,1163207.0
971,1144453.0,704310.0,1144453.0,1220724.0,720135.0,1220724.0,1225839.0,707057.0,1225839.0
972,1143938.0,743890.0,1143938.0,1258731.0,738580.0,1258731.0,1255606.0,745829.0,1255606.0
973,1116353.0,718482.0,1116353.0,1124818.0,716175.0,1124818.0,1110750.0,716949.0,1110750.0
974,1134720.0,752184.0,1134720.0,1180984.0,746487.0,1180984.0,1132785.0,747668.0,1132785.0
975,1153348.0,780221.0,1153348.0,1200983.0,765967.0,1200983.0,1171584.0,770115.0,1171584.0
976,1156231.0,776715.0,1156231.0,1217359.0,772961.0,1217359.0,1161498.0,776944.0,1161498.0
977,1079786.0,749661.0,1079786.0,1131092.0,741419.0,1131092.0,1083170.0,748517.0,1083170.0
978,1175955.0,781260.0,1175955.0,1294353.0,776064.0,1294353.0,1177440.0,778540.0,1177440.0
979,1126939.0,769771.0,1126939.0,1256962.0,765535.0,1256962.0,1128207.0,770399.0,1128207.0
980,1156570.0,752379.0,1156570.0,1233150.0,747184.0,1233150.0,1167404.0,752530.0,1167404.0
981,1152172.0,745312.0,1152172.0,1219144.0,742802.0,1219144.0,1166422.0,747627.0,1166422.0
982,1166039.0,755748.0,1166039.0,1283533.0,750757.0,1283533.0,1192548.0,756596.0,1192548.0
983,1134005.0,746967.0,1134005.0,1150361.0,742906.0,1150361.0,1154578.0,747474.0,1154578.0
984,1137287.0,758725.0,1137287.0,1270805.0,756637.0,1270805.0,1166189.0,760747.0,1166189.0
985,1180000.0,745461.0,1180000.0,1278979.0,729835.0,1278979.0,1184031.0,737503.0,1184031.0
986,1172186.0,810847.0,1172186.0,1238168.0,807703.0,1238168.0,1161430.0,815036.0,1161430.0
987,1154231.0,695561.0,1154231.0,1257527.0,696562.0,1257527.0,1154126.0,698635.0,1154126.0
988,1176112.0,789625.0,1176112.0,1199951.0,792086.0,1199951.0,1182430.0,797998.0,1182430.0
989,1128710.0,746222.0,1128710.0,1297032.0,733289.0,1297032.0,1133322.0,744113.0,1133322.0
990,1122935.0,755081.0,1122935.0,1197846.0,749600.0,1197846.0,1120728.0,750505.0,1120728.0
991,1187925.0,709578.0,1187925.0,1285913.0,699567.0,1285913.0,1249161.0,714122.0,1249161.0
992,1121584.0,784262.0,1121584.0,1317941.0,781689.0,1317941.0,1129079.0,790469.0,1129079.0
993,1132241.0,762420.0,1132241.0,1216698.0,762845.0,1216698.0,1134881.0,759203.0,1134881.0
994,1157542.0,753278.0,1157542.0,1193089.0,758494.0,1193089.0,1153642.0,754419.0,1153642.0
995,1187319.0,753468.0,1187319.0,1281506.0,751972.0,1281506.0,1190619.0,751092.0,1190619.0
996,1152501.0,767847.0,1152501.0,1257738.0,766094.0,1257738.0,1170656.0,766739.0,1170656.0
997,1196095.0,761519.0,1196095.0,1209229.0,755802.0,1209229.0,1195677.0,759514.0,1195677.0
998,1153587.0,740230.0,1153587.0,1332490.0,733636.0,1332490.0,1164565.0,739276.0,1164565.0
999,1107595.0,744420.0,1107595.0,1255528.0,737467.0,1255528.0,1209857.0,741634.0,1209857.0
